anio,edad,sexo,poblacion
2024,0,H,345700
2024,1,H,359300
2024,2,H,381700
2024,3,H,408600
2024,4,H,401900
2024,5,H,406300
2024,6,H,412800
2024,7,H,418000
2024,8,H,421500
2024,9,H,411900
2024,10,H,408700
2024,11,H,395700
2024,12,H,396700
2024,13,H,390600
2024,14,H,400400
2024,15,H,397000
2024,16,H,410100
2024,17,H,414800
2024,18,H,417400
2024,19,H,428500
2024,20,H,439000
2024,21,H,431600
2024,22,H,445700
2024,23,H,466400
2024,24,H,499200
2024,25,H,512100
2024,26,H,522900
2024,27,H,534900
2024,28,H,523000
2024,29,H,511700
2024,30,H,513600
2024,31,H,525500
2024,32,H,533300
2024,33,H,545900
2024,34,H,591900
2024,35,H,584000
2024,36,H,597400
2024,37,H,584700
2024,38,H,571600
2024,39,H,554800
2024,40,H,548700
2024,41,H,547200
2024,42,H,554200
2024,43,H,544500
2024,44,H,545100
2024,45,H,516800
2024,46,H,507500
2024,47,H,500800
2024,48,H,487600
2024,49,H,473300
2024,50,H,476700
2024,51,H,477100
2024,52,H,516200
2024,53,H,568000
2024,54,H,585700
2024,55,H,627100
2024,56,H,652200
2024,57,H,663000
2024,58,H,676000
2024,59,H,671900
2024,60,H,677400
2024,61,H,664700
2024,62,H,639000
2024,63,H,623700
2024,64,H,591700
2024,65,H,566800
2024,66,H,527300
2024,67,H,510600
2024,68,H,492400
2024,69,H,465800
2024,70,H,445900
2024,71,H,420700
2024,72,H,411800
2024,73,H,395500
2024,74,H,385300
2024,75,H,363400
2024,76,H,323700
2024,77,H,293400
2024,78,H,244300
2024,79,H,204400
2024,80,H,263500
2024,81,H,255000
2024,82,H,233600
2024,83,H,264900
2024,84,H,254000
2024,85,H,229100
2024,86,H,191000
2024,87,H,157100
2024,88,H,129100
2024,89,H,103300
2024,90,H,77700
2024,91,H,49400
2024,92,H,37700
2024,93,H,28800
2024,94,H,22000
2024,95,H,15100
2024,96,H,10300
2024,97,H,6500
2024,98,H,3900
2024,99,H,2300
2024,0,M,327700
2024,1,M,341600
2024,2,M,362400
2024,3,M,388400
2024,4,M,381700
2024,5,M,386200
2024,6,M,393600
2024,7,M,398100
2024,8,M,402900
2024,9,M,390200
2024,10,M,388700
2024,11,M,375300
2024,12,M,375000
2024,13,M,369500
2024,14,M,378600
2024,15,M,372500
2024,16,M,382300
2024,17,M,378600
2024,18,M,375500
2024,19,M,389500
2024,20,M,404300
2024,21,M,403300
2024,22,M,412100
2024,23,M,427100
2024,24,M,453400
2024,25,M,456400
2024,26,M,471400
2024,27,M,485400
2024,28,M,478000
2024,29,M,469200
2024,30,M,474700
2024,31,M,489700
2024,32,M,500100
2024,33,M,514600
2024,34,M,559900
2024,35,M,555300
2024,36,M,568100
2024,37,M,558300
2024,38,M,553300
2024,39,M,537200
2024,40,M,534800
2024,41,M,536200
2024,42,M,545100
2024,43,M,542200
2024,44,M,542900
2024,45,M,516000
2024,46,M,506500
2024,47,M,498700
2024,48,M,489100
2024,49,M,474200
2024,50,M,479600
2024,51,M,480300
2024,52,M,519200
2024,53,M,570000
2024,54,M,587900
2024,55,M,624700
2024,56,M,649200
2024,57,M,661800
2024,58,M,675500
2024,59,M,672200
2024,60,M,683400
2024,61,M,675000
2024,62,M,655400
2024,63,M,646100
2024,64,M,622600
2024,65,M,602400
2024,66,M,564600
2024,67,M,548800
2024,68,M,532200
2024,69,M,514000
2024,70,M,503300
2024,71,M,483800
2024,72,M,478300
2024,73,M,463600
2024,74,M,457400
2024,75,M,434000
2024,76,M,387300
2024,77,M,358600
2024,78,M,306100
2024,79,M,264400
2024,80,M,343700
2024,81,M,338800
2024,82,M,319400
2024,83,M,376700
2024,84,M,379500
2024,85,M,353800
2024,86,M,306300
2024,87,M,262400
2024,88,M,227500
2024,89,M,193200
2024,90,M,155600
2024,91,M,104700
2024,92,M,86900
2024,93,M,71700
2024,94,M,59700
2024,95,M,43300
2024,96,M,32100
2024,97,M,22000
2024,98,M,15100
2024,99,M,10200
