edad,sexo,poblacion
0,1,81805
0,2,79397
1,1,85666
1,2,84267
2,1,85138
2,2,81313
3,1,87192
3,2,83381
4,1,99701
4,2,95979
5,1,105615
5,2,101491
6,1,108938
6,2,105164
7,1,114076
7,2,110519
8,1,123070
8,2,118425
9,1,127963
9,2,123450
10,1,124919
10,2,119871
11,1,123836
11,2,120491
12,1,126211
12,2,120708
13,1,130728
13,2,124442
14,1,130564
14,2,124780
15,1,129501
15,2,123258
16,1,124085
16,2,118332
17,1,122237
17,2,115937
18,1,123621
18,2,116442
19,1,121770
19,2,115117
20,1,123723
20,2,118734
21,1,125307
21,2,121585
22,1,127611
22,2,123385
23,1,133052
23,2,129524
24,1,133096
24,2,129441
25,1,133631
25,2,131008
26,1,133574
26,2,131816
27,1,138561
27,2,137622
28,1,138860
28,2,139049
29,1,144564
29,2,145516
30,1,148215
30,2,149170
31,1,145599
31,2,147657
32,1,150803
32,2,152925
33,1,154159
33,2,156691
34,1,154568
34,2,156499
35,1,149733
35,2,153339
36,1,141232
36,2,145719
37,1,136749
37,2,141329
38,1,132730
38,2,137800
39,1,126706
39,2,132228
40,1,126422
40,2,131874
41,1,124247
41,2,132267
42,1,127191
42,2,136245
43,1,118411
43,2,126391
44,1,114572
44,2,122940
45,1,110258
45,2,120044
46,1,105319
46,2,115271
47,1,106309
47,2,117020
48,1,110057
48,2,120440
49,1,112711
49,2,124702
50,1,120966
50,2,131714
51,1,111387
51,2,124071
52,1,109486
52,2,121922
53,1,105226
53,2,117833
54,1,104134
54,2,116177
55,1,104584
55,2,118090
56,1,105147
56,2,119034
57,1,103533
57,2,118139
58,1,105866
58,2,120371
59,1,106116
59,2,121573
60,1,106389
60,2,121995
61,1,103822
61,2,119972
62,1,98818
62,2,113664
63,1,96351
63,2,111416
64,1,90384
64,2,104762
65,1,89028
65,2,102567
66,1,84969
66,2,97501
67,1,81792
67,2,94067
68,1,74014
68,2,87446
69,1,69112
69,2,81600
70,1,67815
70,2,81159
71,1,60797
71,2,73512
72,1,56365
72,2,67891
73,1,53213
73,2,64745
74,1,51001
74,2,63142
75,1,47612
75,2,59403
76,1,43908
76,2,56186
77,1,40974
77,2,52922
78,1,38405
78,2,50674
79,1,35226
79,2,46897
80,1,31411
80,2,43809
81,1,28239
81,2,40366
82,1,25300
82,2,36649
83,1,22900
83,2,34562
84,1,19727
84,2,31073
85,1,92081
85,2,180630
