anio,tramo_edad,cotizantes
1985,Hasta 20,57811
1986,Hasta 20,69537
1987,Hasta 20,79890
1988,Hasta 20,80747
1989,Hasta 20,95821
1990,Hasta 20,91407
1991,Hasta 20,102175
1992,Hasta 20,115295
1993,Hasta 20,120560
1994,Hasta 20,117856
1995,Hasta 20,106960
1996,Hasta 20,102803
1997,Hasta 20,101003
1998,Hasta 20,91383
1999,Hasta 20,81344
2000,Hasta 20,82253
2001,Hasta 20,81575
2002,Hasta 20,78129
2003,Hasta 20,74018
2004,Hasta 20,78270
2005,Hasta 20,102452
2006,Hasta 20,120624
2007,Hasta 20,145638
2008,Hasta 20,154990
2009,Hasta 20,134582
2010,Hasta 20,143026
2011,Hasta 20,157532
2012,Hasta 20,177197
2013,Hasta 20,171959
2014,Hasta 20,151647
2015,Hasta 20,142042
2016,Hasta 20,134534
2017,Hasta 20,124174
2018,Hasta 20,111352
2019,Hasta 20,95448
2020,Hasta 20,88152
2021,Hasta 20,126986
2022,Hasta 20,120826
2023,Hasta 20,96561
2024,Hasta 20,105075
2025,Hasta 20,109669
1985,+ 20 - 25,241946
1986,+ 20 - 25,276935
1987,+ 20 - 25,313035
1988,+ 20 - 25,324869
1989,+ 20 - 25,349032
1990,+ 20 - 25,338355
1991,+ 20 - 25,353512
1992,+ 20 - 25,376761
1993,+ 20 - 25,373962
1994,+ 20 - 25,374964
1995,+ 20 - 25,372237
1996,+ 20 - 25,374617
1997,+ 20 - 25,377109
1998,+ 20 - 25,347528
1999,+ 20 - 25,331356
2000,+ 20 - 25,320506
2001,+ 20 - 25,317470
2002,+ 20 - 25,317004
2003,+ 20 - 25,330084
2004,+ 20 - 25,338069
2005,+ 20 - 25,385700
2006,+ 20 - 25,409792
2007,+ 20 - 25,448274
2008,+ 20 - 25,456984
2009,+ 20 - 25,453252
2010,+ 20 - 25,500020
2011,+ 20 - 25,537695
2012,+ 20 - 25,568451
2013,+ 20 - 25,579866
2014,+ 20 - 25,569537
2015,+ 20 - 25,562426
2016,+ 20 - 25,550268
2017,+ 20 - 25,543567
2018,+ 20 - 25,534338
2019,+ 20 - 25,503300
2020,+ 20 - 25,457240
2021,+ 20 - 25,524638
2022,+ 20 - 25,504490
2023,+ 20 - 25,461682
2024,+ 20 - 25,472386
2025,+ 20 - 25,467301
1985,+ 25 - 30,281685
1986,+ 25 - 30,316497
1987,+ 25 - 30,352813
1988,+ 25 - 30,374020
1989,+ 25 - 30,401380
1990,+ 25 - 30,410780
1991,+ 25 - 30,440133
1992,+ 25 - 30,469261
1993,+ 25 - 30,466526
1994,+ 25 - 30,467898
1995,+ 25 - 30,461459
1996,+ 25 - 30,460188
1997,+ 25 - 30,469057
1998,+ 25 - 30,454433
1999,+ 25 - 30,461045
2000,+ 25 - 30,470576
2001,+ 25 - 30,480359
2002,+ 25 - 30,471075
2003,+ 25 - 30,474344
2004,+ 25 - 30,461583
2005,+ 25 - 30,496536
2006,+ 25 - 30,513672
2007,+ 25 - 30,568221
2008,+ 25 - 30,599536
2009,+ 25 - 30,608084
2010,+ 25 - 30,651290
2011,+ 25 - 30,675162
2012,+ 25 - 30,694721
2013,+ 25 - 30,709325
2014,+ 25 - 30,735878
2015,+ 25 - 30,767506
2016,+ 25 - 30,798380
2017,+ 25 - 30,838571
2018,+ 25 - 30,879780
2019,+ 25 - 30,884029
2020,+ 25 - 30,836671
2021,+ 25 - 30,873714
2022,+ 25 - 30,856192
2023,+ 25 - 30,804965
2024,+ 25 - 30,797554
2025,+ 25 - 30,781461
1985,+ 30 - 35,234917
1986,+ 30 - 35,261417
1987,+ 30 - 35,291211
1988,+ 30 - 35,309229
1989,+ 30 - 35,331321
1990,+ 30 - 35,344133
1991,+ 30 - 35,373855
1992,+ 30 - 35,406259
1993,+ 30 - 35,422538
1994,+ 30 - 35,439492
1995,+ 30 - 35,453788
1996,+ 30 - 35,466681
1997,+ 30 - 35,483261
1998,+ 30 - 35,468224
1999,+ 30 - 35,473599
2000,+ 30 - 35,475161
2001,+ 30 - 35,479533
2002,+ 30 - 35,473035
2003,+ 30 - 35,491569
2004,+ 30 - 35,497034
2005,+ 30 - 35,536835
2006,+ 30 - 35,551930
2007,+ 30 - 35,596310
2008,+ 30 - 35,599595
2009,+ 30 - 35,594018
2010,+ 30 - 35,620667
2011,+ 30 - 35,642147
2012,+ 30 - 35,671815
2013,+ 30 - 35,697640
2014,+ 30 - 35,717114
2015,+ 30 - 35,730977
2016,+ 30 - 35,740270
2017,+ 30 - 35,766447
2018,+ 30 - 35,806688
2019,+ 30 - 35,850358
2020,+ 30 - 35,865492
2021,+ 30 - 35,937993
2022,+ 30 - 35,961758
2023,+ 30 - 35,942915
2024,+ 30 - 35,942287
2025,+ 30 - 35,931001
1985,+ 35 - 40,187388
1986,+ 35 - 40,207244
1987,+ 35 - 40,227121
1988,+ 35 - 40,238143
1989,+ 35 - 40,255340
1990,+ 35 - 40,264309
1991,+ 35 - 40,286984
1992,+ 35 - 40,315157
1993,+ 35 - 40,334341
1994,+ 35 - 40,350066
1995,+ 35 - 40,368206
1996,+ 35 - 40,387664
1997,+ 35 - 40,413403
1998,+ 35 - 40,416616
1999,+ 35 - 40,438180
2000,+ 35 - 40,454218
2001,+ 35 - 40,473071
2002,+ 35 - 40,478399
2003,+ 35 - 40,486660
2004,+ 35 - 40,482587
2005,+ 35 - 40,508324
2006,+ 35 - 40,515761
2007,+ 35 - 40,556154
2008,+ 35 - 40,571049
2009,+ 35 - 40,584120
2010,+ 35 - 40,625948
2011,+ 35 - 40,647059
2012,+ 35 - 40,660286
2013,+ 35 - 40,654699
2014,+ 35 - 40,652965
2015,+ 35 - 40,652963
2016,+ 35 - 40,661027
2017,+ 35 - 40,686388
2018,+ 35 - 40,730566
2019,+ 35 - 40,755089
2020,+ 35 - 40,755688
2021,+ 35 - 40,799844
2022,+ 35 - 40,815104
2023,+ 35 - 40,808233
2024,+ 35 - 40,843943
2025,+ 35 - 40,881791
1985,+ 40 - 45,135400
1986,+ 40 - 45,152444
1987,+ 40 - 45,170938
1988,+ 40 - 45,181717
1989,+ 40 - 45,196168
1990,+ 40 - 45,204977
1991,+ 40 - 45,220720
1992,+ 40 - 45,239460
1993,+ 40 - 45,249900
1994,+ 40 - 45,264090
1995,+ 40 - 45,278921
1996,+ 40 - 45,292636
1997,+ 40 - 45,318759
1998,+ 40 - 45,325815
1999,+ 40 - 45,347626
2000,+ 40 - 45,364939
2001,+ 40 - 45,387724
2002,+ 40 - 45,398822
2003,+ 40 - 45,428489
2004,+ 40 - 45,442534
2005,+ 40 - 45,480667
2006,+ 40 - 45,497657
2007,+ 40 - 45,559459
2008,+ 40 - 45,563354
2009,+ 40 - 45,569688
2010,+ 40 - 45,597228
2011,+ 40 - 45,608468
2012,+ 40 - 45,611251
2013,+ 40 - 45,622387
2014,+ 40 - 45,637635
2015,+ 40 - 45,650781
2016,+ 40 - 45,659706
2017,+ 40 - 45,660392
2018,+ 40 - 45,664726
2019,+ 40 - 45,663018
2020,+ 40 - 45,647487
2021,+ 40 - 45,685949
2022,+ 40 - 45,708820
2023,+ 40 - 45,719615
2024,+ 40 - 45,741064
2025,+ 40 - 45,757162
1985,+ 45 - 50,84652
1986,+ 45 - 50,97521
1987,+ 45 - 50,111103
1988,+ 45 - 50,122323
1989,+ 45 - 50,134594
1990,+ 45 - 50,143964
1991,+ 45 - 50,158733
1992,+ 45 - 50,175571
1993,+ 45 - 50,185968
1994,+ 45 - 50,197097
1995,+ 45 - 50,208456
1996,+ 45 - 50,216998
1997,+ 45 - 50,232965
1998,+ 45 - 50,237429
1999,+ 45 - 50,255199
2000,+ 45 - 50,266049
2001,+ 45 - 50,282922
2002,+ 45 - 50,297443
2003,+ 45 - 50,320362
2004,+ 45 - 50,333635
2005,+ 45 - 50,366725
2006,+ 45 - 50,387432
2007,+ 45 - 50,438923
2008,+ 45 - 50,473420
2009,+ 45 - 50,498414
2010,+ 45 - 50,544288
2011,+ 45 - 50,571671
2012,+ 45 - 50,608535
2013,+ 45 - 50,600405
2014,+ 45 - 50,605859
2015,+ 45 - 50,606344
2016,+ 45 - 50,604282
2017,+ 45 - 50,604033
2018,+ 45 - 50,618605
2019,+ 45 - 50,627486
2020,+ 45 - 50,621907
2021,+ 45 - 50,657062
2022,+ 45 - 50,662742
2023,+ 45 - 50,643858
2024,+ 45 - 50,646476
2025,+ 45 - 50,650643
1985,+ 50 - 55,53470
1986,+ 50 - 55,59672
1987,+ 50 - 55,67779
1988,+ 50 - 55,72831
1989,+ 50 - 55,80283
1990,+ 50 - 55,86645
1991,+ 50 - 55,97373
1992,+ 50 - 55,107982
1993,+ 50 - 55,116418
1994,+ 50 - 55,124134
1995,+ 50 - 55,133655
1996,+ 50 - 55,140315
1997,+ 50 - 55,154012
1998,+ 50 - 55,160081
1999,+ 50 - 55,173701
2000,+ 50 - 55,180008
2001,+ 50 - 55,189865
2002,+ 50 - 55,197224
2003,+ 50 - 55,210755
2004,+ 50 - 55,223003
2005,+ 50 - 55,245656
2006,+ 50 - 55,263036
2007,+ 50 - 55,302841
2008,+ 50 - 55,331449
2009,+ 50 - 55,356249
2010,+ 50 - 55,397123
2011,+ 50 - 55,428253
2012,+ 50 - 55,462122
2013,+ 50 - 55,497480
2014,+ 50 - 55,519319
2015,+ 50 - 55,543109
2016,+ 50 - 55,559759
2017,+ 50 - 55,565043
2018,+ 50 - 55,572665
2019,+ 50 - 55,571967
2020,+ 50 - 55,551652
2021,+ 50 - 55,572899
2022,+ 50 - 55,582299
2023,+ 50 - 55,579159
2024,+ 50 - 55,597859
2025,+ 50 - 55,611794
1985,+ 55 - 60,29592
1986,+ 55 - 60,34728
1987,+ 55 - 60,40982
1988,+ 55 - 60,45180
1989,+ 55 - 60,48836
1990,+ 55 - 60,51189
1991,+ 55 - 60,54784
1992,+ 55 - 60,58670
1993,+ 55 - 60,61089
1994,+ 55 - 60,63135
1995,+ 55 - 60,67339
1996,+ 55 - 60,70974
1997,+ 55 - 60,77493
1998,+ 55 - 60,82914
1999,+ 55 - 60,91339
2000,+ 55 - 60,95944
2001,+ 55 - 60,102664
2002,+ 55 - 60,109986
2003,+ 55 - 60,119274
2004,+ 55 - 60,128055
2005,+ 55 - 60,141249
2006,+ 55 - 60,151651
2007,+ 55 - 60,172817
2008,+ 55 - 60,192652
2009,+ 55 - 60,215647
2010,+ 55 - 60,242187
2011,+ 55 - 60,265599
2012,+ 55 - 60,296602
2013,+ 55 - 60,324444
2014,+ 55 - 60,352099
2015,+ 55 - 60,374388
2016,+ 55 - 60,398914
2017,+ 55 - 60,414957
2018,+ 55 - 60,436860
2019,+ 55 - 60,452231
2020,+ 55 - 60,457429
2021,+ 55 - 60,489178
2022,+ 55 - 60,497671
2023,+ 55 - 60,490773
2024,+ 55 - 60,498718
2025,+ 55 - 60,501716
1985,+ 60 - 65,10706
1986,+ 60 - 65,12920
1987,+ 60 - 65,15514
1988,+ 60 - 65,17727
1989,+ 60 - 65,19628
1990,+ 60 - 65,20884
1991,+ 60 - 65,23648
1992,+ 60 - 65,25416
1993,+ 60 - 65,25858
1994,+ 60 - 65,26133
1995,+ 60 - 65,26576
1996,+ 60 - 65,26193
1997,+ 60 - 65,27218
1998,+ 60 - 65,27680
1999,+ 60 - 65,29495
2000,+ 60 - 65,30626
2001,+ 60 - 65,33109
2002,+ 60 - 65,35476
2003,+ 60 - 65,39794
2004,+ 60 - 65,44624
2005,+ 60 - 65,49681
2006,+ 60 - 65,54552
2007,+ 60 - 65,63443
2008,+ 60 - 65,70386
2009,+ 60 - 65,78393
2010,+ 60 - 65,86606
2011,+ 60 - 65,95360
2012,+ 60 - 65,108806
2013,+ 60 - 65,121107
2014,+ 60 - 65,137029
2015,+ 60 - 65,146601
2016,+ 60 - 65,160103
2017,+ 60 - 65,171658
2018,+ 60 - 65,185328
2019,+ 60 - 65,196454
2020,+ 60 - 65,204591
2021,+ 60 - 65,230016
2022,+ 60 - 65,232707
2023,+ 60 - 65,235903
2024,+ 60 - 65,247582
2025,+ 60 - 65,255424
1985,más de 65,4077
1986,más de 65,4334
1987,más de 65,4760
1988,más de 65,4907
1989,más de 65,4933
1990,más de 65,4630
1991,más de 65,4758
1992,más de 65,5129
1993,más de 65,5114
1994,más de 65,5519
1995,más de 65,6220
1996,más de 65,6304
1997,más de 65,6628
1998,más de 65,6607
1999,más de 65,6596
2000,más de 65,6456
2001,más de 65,6421
2002,más de 65,6541
2003,más de 65,7220
2004,más de 65,7582
2005,más de 65,7953
2006,más de 65,8694
2007,más de 65,9934
2008,más de 65,9380
2009,más de 65,11055
2010,más de 65,11897
2011,más de 65,11060
2012,más de 65,12029
2013,más de 65,13006
2014,más de 65,14575
2015,más de 65,15403
2016,más de 65,17094
2017,más de 65,17802
2018,más de 65,18176
2019,más de 65,19574
2020,más de 65,21979
2021,más de 65,28768
2022,más de 65,25638
2023,más de 65,26403
2024,más de 65,26033
2025,más de 65,26466
1985,Sin Información,294
1986,Sin Información,319
1987,Sin Información,469
1988,Sin Información,678
1989,Sin Información,293
1990,Sin Información,274
1991,Sin Información,1698
1992,Sin Información,2892
1993,Sin Información,5366
1994,Sin Información,5882
1995,Sin Información,5716
1996,Sin Información,2989
1997,Sin Información,697
1998,Sin Información,906
1999,Sin Información,1121
2000,Sin Información,837
2001,Sin Información,781
2002,Sin Información,268
2003,Sin Información,236
2004,Sin Información,11
2005,Sin Información,15
2006,Sin Información,38
2007,Sin Información,4
2008,Sin Información,1
2009,Sin Información,0
2010,Sin Información,28
2011,Sin Información,6
2012,Sin Información,17
2013,Sin Información,1
2014,Sin Información,15
2015,Sin Información,85
2016,Sin Información,0
2017,Sin Información,0
2018,Sin Información,0
2019,Sin Información,0
2020,Sin Información,0
2021,Sin Información,0
2022,Sin Información,0
2023,Sin Información,0
2024,Sin Información,0
2025,Sin Información,0
1985,Total,1321938
1986,Total,1493568
1987,Total,1675615
1988,Total,1772371
1989,Total,1917629
1990,Total,1961547
1991,Total,2118373
1992,Total,2297853
1993,Total,2367640
1994,Total,2436266
1995,Total,2489533
1996,Total,2548362
1997,Total,2661605
1998,Total,2619616
1999,Total,2690601
2000,Total,2747573
2001,Total,2835494
2002,Total,2863402
2003,Total,2982805
2004,Total,3036987
2005,Total,3321793
2006,Total,3474839
2007,Total,3862018
2008,Total,4022796
2009,Total,4103502
2010,Total,4420308
2011,Total,4640012
2012,Total,4871832
2013,Total,4992319
2014,Total,5093672
2015,Total,5192625
2016,Total,5284337
2017,Total,5393032
2018,Total,5559084
2019,Total,5618954
2020,Total,5508288
2021,Total,5927047
2022,Total,5968247
2023,Total,5810067
2024,Total,5918977
2025,Total,5974428
