anio,categoria,gasto_corriente_mm,gasto_mm_2025,pct_pib
2016,Edad avanzada,6226522.898000002,9337117.528246552,3.6894702172977065
2016,Gasto total,39842575.98337701,59746799.406194754,23.60836053751718
2016,Protección social,10191227.076298,15282475.713533124,6.038720067631467
2017,Edad avanzada,6603606.723000001,9690948.779081505,3.682686910471822
2017,Gasto total,42643353.80934299,62580128.53722043,23.781264917748206
2017,Protección social,10723784.313927002,15737406.672360409,5.980419758504448
2018,Edad avanzada,6829848.327501,9784826.053930055,3.6053807944026293
2018,Gasto total,45184687.343153,64734132.40726206,23.85236042389516
2018,Protección social,10878531.669652,15585198.236556085,5.742623741018698
2019,Edad avanzada,7333562.677511999,10274940.83284464,3.7502593010625622
2019,Gasto total,48152605.57554999,67465868.22708334,24.624424017518443
2019,Protección social,11886205.846319998,16653578.508636149,6.078403634047735
2020,Edad avanzada,8173635.821706998,11113409.963167723,4.060293892975744
2020,Gasto total,54793036.97606798,74500197.5038912,27.218711264415088
2020,Protección social,16180070.191432998,21999481.8942975,8.037529640325255
2021,Edad avanzada,8806664.74443,11456193.182757225,3.676240539780498
2021,Gasto total,76379806.61578001,99359047.40843508,31.88386859839513
2021,Protección social,32970626.165509004,42890001.34215834,13.763207303679057
2022,Edad avanzada,11830297.157600997,13785058.24073481,4.498994595516958
2022,Gasto total,65690848.19635899,76545175.17239694,24.981855237715394
2022,Protección social,19108497.678600997,22265861.109263677,7.2668527797071345
2023,Edad avanzada,13204338.379723,14300848.64600583,4.680785313928939
2023,Gasto total,71418532.89072798,77349246.89286219,25.31704431405849
2023,Protección social,20746940.667723,22469801.199005164,7.354550632810281
2024,Edad avanzada,13936909.747033004,14524063.436851157,4.485920328828622
2024,Gasto total,76807968.837128,80043842.72371596,24.722440991329456
2024,Protección social,21802358.142033003,22720878.478476796,7.017598835105413
2025,Edad avanzada,14909334.942166002,14909334.942166002,4.385386011683031
2025,Gasto total,82941750.84474699,82941750.84474699,24.39623198150583
2025,Protección social,22870641.160166007,22870641.160166007,6.7271001832790835
