region,region_nombre,pob_total,pob_0_14,pob_15_64,pob_65_mas,pob_80_mas,edad_mediana,pct_65_mas,pct_0_14,pct_80_mas,indice_envejecimiento,indice_dependencia_total,indice_dependencia_vejez,pct_urbano
16,Ñuble,512289,87296,339759,85234,19665,39.0,16.64,17.04,3.84,97.64,50.78,25.09,66.01
5,Valparaíso,1896053,318729,1262981,314343,75029,38.0,16.58,16.81,3.96,98.62,50.13,24.89,89.45
14,Los Ríos,398230,68712,268231,61287,14166,37.0,15.39,17.25,3.56,89.19,48.47,22.85,67.45
7,Maule,1123008,203730,748403,170875,36919,38.0,15.22,18.14,3.29,83.87,50.05,22.83,71.38
9,La Araucanía,1010423,184736,672402,153285,36788,37.0,15.17,18.28,3.64,82.98,50.27,22.8,67.19
6,O'Higgins,987228,178317,660704,148207,31671,38.0,15.01,18.06,3.21,83.11,49.42,22.43,73.14
8,Biobío,1613059,282689,1092539,237831,53849,37.0,14.74,17.53,3.34,84.13,47.64,21.77,86.65
12,Magallanes,166537,27799,114536,24202,5414,38.0,14.53,16.69,3.25,87.06,45.4,21.13,92.93
4,Coquimbo,832864,154429,558659,119776,28305,36.0,14.38,18.54,3.4,77.56,49.08,21.44,80.18
10,Los Lagos,890284,157838,612818,119628,27732,37.0,13.44,17.73,3.11,75.79,45.28,19.52,71.0
13,Metropolitana,7400741,1278557,5148100,974084,227182,36.0,13.16,17.28,3.07,76.19,43.76,18.92,96.21
15,Arica y Parinacota,244569,48030,165303,31236,6948,34.0,12.77,19.64,2.84,65.03,47.95,18.9,90.43
11,Aysén,100745,19199,68841,12705,2729,36.0,12.61,19.06,2.71,66.18,46.34,18.46,76.99
3,Atacama,299180,59103,202429,37648,8285,35.0,12.58,19.75,2.77,63.7,47.8,18.6,89.4
2,Antofagasta,635416,124952,448895,61569,11760,33.0,9.69,19.66,1.85,49.27,41.55,13.72,97.58
1,Tarapacá,369806,80532,253946,35328,6568,32.0,9.55,21.78,1.78,43.87,45.62,13.91,95.79
