region,region_nombre,comuna,comuna_nombre,pob_total,pob_0_14,pob_15_64,pob_65_mas,pob_80_mas,edad_mediana,edad_mediana_es_aproximada,pct_65_mas,pct_0_14,pct_80_mas,indice_envejecimiento,indice_dependencia_total,indice_dependencia_vejez,pct_urbano
15,Arica y Parinacota,15102,Camarones,861,106,527,228,36,52.0,true,26.48,12.31,4.18,215.09,63.38,43.26,0.0
5,Valparaíso,5605,El Tabo,16260,2406,9571,4283,897,47.0,false,26.34,14.8,5.52,178.01,69.89,44.75,95.5
5,Valparaíso,5604,El Quisco,18971,2925,11281,4765,1076,45.0,false,25.12,15.42,5.67,162.91,68.17,42.24,90.76
5,Valparaíso,5602,Algarrobo,16076,2416,9648,4012,839,46.0,false,24.96,15.03,5.22,166.06,66.63,41.58,69.27
4,Coquimbo,4305,Río Hurtado,4334,601,2689,1044,281,47.0,true,24.09,13.87,6.48,173.71,61.18,38.82,0.0
7,Maule,7103,Curepto,9519,1240,5998,2281,623,48.0,false,23.96,13.03,6.54,183.95,58.7,38.03,33.12
16,Ñuble,16202,Cobquecura,5495,738,3466,1291,329,47.0,true,23.49,13.43,5.99,174.93,58.54,37.25,31.06
4,Coquimbo,4202,Canela,9639,1455,5925,2259,663,45.0,false,23.44,15.09,6.88,155.26,62.68,38.13,20.39
15,Arica y Parinacota,15202,General Lagos,508,123,269,116,21,42.0,true,22.83,24.21,4.13,94.31,88.85,43.12,0.0
16,Ñuble,16206,Ránquil,6508,1049,3975,1484,329,46.0,false,22.8,16.12,5.06,141.47,63.72,37.33,27.18
6,O'Higgins,6309,Pumanque,4559,669,2858,1032,222,47.0,true,22.64,14.67,4.87,154.26,59.52,36.11,0.0
4,Coquimbo,4302,Combarbalá,12954,1967,8069,2918,828,46.0,false,22.53,15.18,6.39,148.35,60.54,36.16,42.49
6,O'Higgins,6205,Navidad,8885,1467,5456,1962,450,43.0,false,22.08,16.51,5.06,133.74,62.85,35.96,12.48
6,O'Higgins,6206,Paredones,7228,1081,4563,1584,420,47.0,false,21.91,14.96,5.81,146.53,58.4,34.71,25.43
8,Biobío,8308,Quilaco,4440,739,2730,971,252,42.0,true,21.87,16.64,5.68,131.39,62.64,35.57,45.0
16,Ñuble,16303,Ñiquén,12797,1976,8040,2781,593,46.0,false,21.73,15.44,4.63,140.74,59.17,34.59,11.01
10,Los Lagos,10306,San Juan de la Costa,7776,1065,5027,1684,404,47.0,false,21.66,13.7,5.2,158.12,54.68,33.5,0.0
16,Ñuble,16205,Portezuelo,5203,738,3341,1124,292,47.0,true,21.6,14.18,5.61,152.3,55.73,33.64,38.11
3,Atacama,3302,Alto del Carmen,4788,788,2976,1024,284,42.0,true,21.39,16.46,5.93,129.95,60.89,34.41,0.0
16,Ñuble,16204,Ninhue,5763,843,3693,1227,296,47.0,true,21.29,14.63,5.14,145.55,56.05,33.23,27.92
16,Ñuble,16107,Quillón,19165,3012,12100,4053,968,43.0,false,21.15,15.72,5.05,134.56,58.39,33.5,56.8
9,La Araucanía,9107,Gorbea,14148,2276,8961,2911,749,42.0,false,20.58,16.09,5.29,127.9,57.88,32.49,65.8
5,Valparaíso,5603,Cartagena,24599,4318,15223,5058,1101,41.0,false,20.56,17.55,4.48,117.14,61.59,33.23,91.01
6,O'Higgins,6202,La Estrella,4609,728,2938,943,191,42.0,true,20.46,15.8,4.14,129.53,56.88,32.1,28.1
8,Biobío,8309,Quilleco,9700,1573,6144,1983,516,43.0,false,20.44,16.22,5.32,126.06,57.88,32.28,57.28
11,Aysén,11102,Lago Verde,779,87,533,159,24,47.0,true,20.41,11.17,3.08,182.76,46.15,29.83,0.0
7,Maule,7309,Vichuquén,4716,696,3064,956,219,47.0,true,20.27,14.76,4.64,137.36,53.92,31.2,22.37
9,La Araucanía,9103,Cunco,19177,3260,12067,3850,941,42.0,false,20.08,17.0,4.91,118.1,58.92,31.91,48.52
7,Maule,7302,Hualañé,10775,1703,6915,2157,461,43.0,false,20.02,15.81,4.28,126.66,55.82,31.19,45.14
7,Maule,7203,Pelluhue,8578,1497,5364,1717,427,41.0,false,20.02,17.45,4.98,114.7,59.92,32.01,47.33
9,La Araucanía,9117,Teodoro Schmidt,15639,2788,9730,3121,761,42.0,false,19.96,17.83,4.87,111.94,60.73,32.08,30.72
8,Biobío,8313,Yumbel,23170,3706,14865,4599,1141,43.0,false,19.85,15.99,4.92,124.1,55.87,30.94,56.21
8,Biobío,8302,Antuco,4373,661,2844,868,237,42.0,true,19.85,15.12,5.42,131.32,53.76,30.52,48.27
10,Los Lagos,10103,Cochamó,4199,587,2784,828,187,47.0,true,19.72,13.98,4.45,141.06,50.83,29.74,0.0
5,Valparaíso,5803,Olmué,19778,3338,12602,3838,896,41.0,false,19.41,16.88,4.53,114.98,56.94,30.46,70.07
8,Biobío,8310,San Rosendo,3575,547,2336,692,165,42.0,true,19.36,15.3,4.62,126.51,53.04,29.62,81.31
6,O'Higgins,6304,Lolol,7791,1243,5046,1502,374,42.0,false,19.28,15.95,4.8,120.84,54.4,29.77,31.06
9,La Araucanía,9116,Saavedra,12877,2352,8044,2481,608,41.0,false,19.27,18.27,4.72,105.48,60.08,30.84,19.74
8,Biobío,8104,Florida,12958,2052,8413,2493,562,43.0,false,19.24,15.84,4.34,121.49,54.02,29.63,32.57
13,Metropolitana,13132,Vitacura,86420,15015,54778,16627,5569,40.0,false,19.24,17.37,6.44,110.74,57.76,30.35,100.0
16,Ñuble,16207,Treguaco,6124,945,4007,1172,278,43.0,false,19.14,15.43,4.54,124.02,52.83,29.25,39.16
6,O'Higgins,6204,Marchihue,8715,1387,5664,1664,378,43.0,false,19.09,15.92,4.34,119.97,53.87,29.38,26.06
14,Los Ríos,14102,Corral,5501,865,3588,1048,254,42.0,true,19.05,15.72,4.62,121.16,53.32,29.21,50.99
9,La Araucanía,9203,Curacautín,18536,3185,11835,3516,868,41.0,false,18.97,17.18,4.68,110.39,56.62,29.71,69.71
16,Ñuble,16201,Quirihue,11746,1915,7604,2227,567,42.0,false,18.96,16.3,4.83,116.29,54.47,29.29,80.02
6,O'Higgins,6203,Litueche,8852,1543,5632,1677,336,41.0,false,18.94,17.43,3.8,108.68,57.17,29.78,37.96
10,Los Lagos,10404,Palena,1903,295,1248,360,84,42.0,true,18.92,15.5,4.41,122.03,52.48,28.85,57.91
10,Los Lagos,10307,San Pablo,10883,1804,7027,2052,483,42.0,false,18.86,16.58,4.44,113.75,54.87,29.2,48.51
10,Los Lagos,10108,Maullín,15063,2392,9842,2829,709,43.0,false,18.78,15.88,4.71,118.27,53.05,28.74,45.79
5,Valparaíso,5606,Santo Domingo,13171,2382,8315,2474,539,42.0,false,18.78,18.09,4.09,103.86,58.4,29.75,52.13
9,La Araucanía,9110,Melipeuco,6796,1208,4314,1274,331,40.0,false,18.75,17.78,4.87,105.46,57.53,29.53,40.21
7,Maule,7303,Licantén,6892,1095,4507,1290,276,42.0,false,18.72,15.89,4.0,117.81,52.92,28.62,64.02
7,Maule,7201,Cauquenes,42798,7540,27249,8009,2186,41.0,false,18.71,17.62,5.11,106.22,57.06,29.39,78.05
8,Biobío,8312,Tucapel,15729,2664,10124,2941,685,40.0,false,18.7,16.94,4.36,110.4,55.36,29.05,83.48
11,Aysén,11402,Río Ibáñez,2723,420,1794,509,129,42.0,true,18.69,15.42,4.74,121.19,51.78,28.37,0.0
9,La Araucanía,9118,Toltén,10041,1709,6462,1870,470,42.0,false,18.62,17.02,4.68,109.42,55.39,28.94,24.72
16,Ñuble,16203,Coelemu,15895,2697,10242,2956,688,41.0,false,18.6,16.97,4.33,109.6,55.19,28.86,68.35
9,La Araucanía,9210,Traiguén,18873,3460,11905,3508,918,40.0,false,18.59,18.33,4.86,101.39,58.53,29.47,76.11
10,Los Lagos,10305,Río Negro,13874,2278,9020,2576,596,42.0,false,18.57,16.42,4.3,113.08,53.81,28.56,50.99
7,Maule,7202,Chanco,9446,1569,6130,1747,463,42.0,false,18.49,16.61,4.9,111.34,54.09,28.5,41.21
6,O'Higgins,6302,Chépica,15668,2565,10207,2896,645,41.0,false,18.48,16.37,4.12,112.9,53.5,28.37,56.84
5,Valparaíso,5405,Zapallar,7980,1501,5006,1473,338,40.0,false,18.46,18.81,4.24,98.13,59.41,29.42,62.17
16,Ñuble,16304,San Fabián,5245,950,3335,960,242,42.0,true,18.3,18.11,4.61,101.05,57.27,28.79,37.22
6,O'Higgins,6103,Coinco,7916,1333,5136,1447,323,41.0,false,18.28,16.84,4.08,108.55,54.13,28.17,42.07
13,Metropolitana,13121,Pedro Aguirre Cerda,96062,15423,63083,17556,4210,39.0,false,18.28,16.06,4.38,113.83,52.28,27.83,100.0
10,Los Lagos,10206,Puqueldón,4048,623,2686,739,194,42.0,true,18.26,15.39,4.79,118.62,50.71,27.51,0.0
6,O'Higgins,6113,Pichidegua,20363,3458,13191,3714,787,41.0,false,18.24,16.98,3.86,107.4,54.37,28.16,36.18
10,Los Lagos,10210,Quinchao,7678,1139,5140,1399,350,42.0,false,18.22,14.83,4.56,122.83,49.38,27.22,42.78
16,Ñuble,16108,San Ignacio,17405,2792,11443,3170,713,42.0,false,18.21,16.04,4.1,113.54,52.1,27.7,33.68
10,Los Lagos,10209,Quemchi,8409,1235,5645,1529,433,42.0,false,18.18,14.69,5.15,123.81,48.96,27.09,29.74
10,Los Lagos,10204,Curaco de Vélez,3662,587,2410,665,211,42.0,true,18.16,16.03,5.76,113.29,51.95,27.59,0.0
13,Metropolitana,13114,Las Condes,296134,41831,200620,53683,17290,39.0,false,18.13,14.13,5.84,128.33,47.61,26.76,100.0
9,La Araucanía,9109,Loncoche,25158,4416,16191,4551,1058,41.0,false,18.09,17.55,4.21,103.06,55.38,28.11,63.53
5,Valparaíso,5404,Petorca,10206,1656,6704,1846,438,41.0,false,18.09,16.23,4.29,111.47,52.24,27.54,36.67
5,Valparaíso,5105,Puchuncaví,22539,3943,14518,4078,838,40.0,false,18.09,17.49,3.72,103.42,55.25,28.09,84.2
4,Coquimbo,4104,La Higuera,4335,781,2771,783,151,42.0,true,18.06,18.02,3.48,100.26,56.44,28.26,25.28
10,Los Lagos,10303,Purranque,19542,3294,12721,3527,835,40.0,false,18.05,16.86,4.27,107.07,53.62,27.73,70.89
16,Ñuble,16109,Yungay,18680,3065,12246,3369,824,42.0,false,18.04,16.41,4.41,109.92,52.54,27.51,73.31
10,Los Lagos,10106,Los Muermos,17162,2887,11188,3087,795,41.0,false,17.99,16.82,4.63,106.93,53.4,27.59,45.94
13,Metropolitana,13113,La Reina,89870,14657,59117,16096,4690,41.0,false,17.91,16.31,5.22,109.82,52.02,27.23,100.0
7,Maule,7407,Villa Alegre,17919,3237,11476,3206,734,40.0,false,17.89,18.06,4.1,99.04,56.14,27.94,58.32
16,Ñuble,16106,Pinto,12502,2006,8259,2237,506,42.0,false,17.89,16.05,4.05,111.52,51.37,27.09,46.07
9,La Araucanía,9206,Los Sauces,7348,1314,4720,1314,301,41.0,false,17.88,17.88,4.1,100.0,55.68,27.84,59.23
10,Los Lagos,10104,Fresia,12320,2035,8086,2199,518,41.0,false,17.85,16.52,4.2,108.06,52.36,27.2,61.19
9,La Araucanía,9102,Carahue,24957,4573,15933,4451,1129,39.0,false,17.83,18.32,4.52,97.33,56.64,27.94,49.73
8,Biobío,8204,Contulmo,5905,984,3868,1053,265,42.0,true,17.83,16.66,4.49,107.01,52.66,27.22,40.05
5,Valparaíso,5109,Viña del Mar,334871,49154,226330,59387,15920,38.0,false,17.73,14.68,4.75,120.82,47.96,26.24,99.91
8,Biobío,8111,Tomé,56907,9257,37576,10074,2438,40.0,false,17.7,16.27,4.28,108.83,51.45,26.81,89.16
1,Tarapacá,1402,Camiña,1335,335,764,236,62,32.0,true,17.68,25.09,4.64,70.45,74.74,30.89,0.0
5,Valparaíso,5801,Quilpué,162559,25457,108387,28715,7327,39.0,false,17.66,15.66,4.51,112.8,49.98,26.49,97.78
4,Coquimbo,4304,Punitaqui,12076,2270,7677,2129,535,39.0,false,17.63,18.8,4.43,93.79,57.3,27.73,46.46
5,Valparaíso,5705,Putaendo,17336,3052,11232,3052,774,40.0,false,17.6,17.6,4.46,100.0,54.34,27.17,44.56
7,Maule,7107,Pencahue,9181,1446,6126,1609,353,42.0,false,17.53,15.75,3.84,111.27,49.87,26.27,31.6
5,Valparaíso,5403,Papudo,7561,1334,4903,1324,249,40.0,false,17.51,17.64,3.29,99.25,54.21,27.0,79.39
14,Los Ríos,14204,Río Bueno,33363,5622,21900,5841,1383,40.0,false,17.51,16.85,4.15,103.9,52.34,26.67,54.56
9,La Araucanía,9105,Freire,26164,4377,17207,4580,1031,41.0,false,17.5,16.73,3.94,104.64,52.05,26.62,22.81
6,O'Higgins,6109,Malloa,13882,2348,9106,2428,510,40.0,false,17.49,16.91,3.67,103.41,52.45,26.66,40.18
14,Los Ríos,14107,Paillaco,19802,3481,12871,3450,801,39.0,false,17.42,17.58,4.05,99.11,53.85,26.8,55.69
4,Coquimbo,4105,Paihuano,4649,765,3074,810,211,42.0,true,17.42,16.46,4.54,105.88,51.24,26.35,0.0
3,Atacama,3304,Huasco,9369,1750,5987,1632,354,38.0,false,17.42,18.68,3.78,93.26,56.49,27.26,83.75
16,Ñuble,16104,El Carmen,13186,2195,8698,2293,605,42.0,false,17.39,16.65,4.59,104.46,51.6,26.36,42.54
7,Maule,7106,Pelarco,9229,1649,5976,1604,365,40.0,false,17.38,17.87,3.95,97.27,54.43,26.84,26.24
7,Maule,7108,Río Claro,14276,2438,9363,2475,516,41.0,false,17.34,17.08,3.61,101.52,52.47,26.43,25.53
14,Los Ríos,14203,Lago Ranco,10527,1902,6800,1825,402,41.0,false,17.34,18.07,3.82,95.95,54.81,26.84,18.85
8,Biobío,8106,Lota,39980,6612,26475,6893,1418,41.0,false,17.24,16.54,3.55,104.25,51.01,26.04,99.57
16,Ñuble,16102,Bulnes,23863,4139,15611,4113,898,40.0,false,17.24,17.34,3.76,99.37,52.86,26.35,59.77
6,O'Higgins,6307,Peralillo,12493,2048,8292,2153,501,41.0,false,17.23,16.39,4.01,105.13,50.66,25.96,51.15
6,O'Higgins,6117,San Vicente,49559,8485,32542,8532,1926,40.0,false,17.22,17.12,3.89,100.55,52.29,26.22,54.48
9,La Araucanía,9208,Purén,12184,2259,7830,2095,534,40.0,false,17.19,18.54,4.38,92.74,55.61,26.76,57.49
7,Maule,7405,Retiro,22310,3894,14595,3821,751,41.0,false,17.13,17.45,3.37,98.13,52.86,26.18,32.69
9,La Araucanía,9207,Lumaco,9253,1670,6000,1583,387,40.0,false,17.11,18.05,4.18,94.79,54.22,26.38,39.85
7,Maule,7404,Parral,45323,8250,29325,7748,1812,39.0,false,17.1,18.2,4.0,93.92,54.55,26.42,71.31
16,Ñuble,16305,San Nicolás,15099,2588,9930,2581,549,41.0,false,17.09,17.14,3.64,99.73,52.05,25.99,32.42
6,O'Higgins,6306,Palmilla,13060,2159,8670,2231,446,41.0,false,17.08,16.53,3.42,103.33,50.63,25.73,25.12
4,Coquimbo,4201,Illapel,32009,5788,20764,5457,1305,39.0,false,17.05,18.08,4.08,94.28,54.16,26.28,63.89
8,Biobío,8311,Santa Bárbara,14075,2474,9202,2399,562,38.0,false,17.04,17.58,3.99,96.97,52.96,26.07,54.52
16,Ñuble,16301,San Carlos,55847,9506,36832,9509,2194,40.0,false,17.03,17.02,3.93,100.03,51.63,25.82,61.34
9,La Araucanía,9111,Nueva Imperial,33988,6232,21969,5787,1503,38.0,false,17.03,18.34,4.42,92.86,54.71,26.34,50.64
13,Metropolitana,13505,San Pedro,11108,2134,7083,1891,453,37.0,false,17.02,19.21,4.08,88.61,56.83,26.7,0.0
9,La Araucanía,9211,Victoria,34464,6218,22387,5859,1396,39.0,false,17.0,18.04,4.05,94.23,53.95,26.17,70.45
9,La Araucanía,9114,Pitrufquén,27041,4797,17675,4569,1166,39.0,false,16.9,17.74,4.31,95.25,52.99,25.85,63.55
5,Valparaíso,5506,Nogales,22136,3843,14552,3741,879,39.0,false,16.9,17.36,3.97,97.35,52.12,25.71,81.6
4,Coquimbo,4103,Andacollo,11566,2103,7510,1953,488,39.0,false,16.89,18.18,4.22,92.87,54.01,26.01,83.25
1,Tarapacá,1403,Colchane,790,194,463,133,39,27.0,true,16.84,24.56,4.94,68.56,70.63,28.73,0.0
16,Ñuble,16105,Pemuco,8930,1517,5910,1503,355,41.0,false,16.83,16.99,3.98,99.08,51.1,25.43,47.92
4,Coquimbo,4303,Monte Patria,29997,5450,19506,5041,1346,39.0,false,16.81,18.17,4.49,92.5,53.78,25.84,46.83
13,Metropolitana,13131,San Ramón,76002,12491,50780,12731,3533,38.0,false,16.75,16.44,4.65,101.92,49.67,25.07,100.0
7,Maule,7305,Rauco,11266,1904,7476,1886,402,41.0,false,16.74,16.9,3.57,99.05,50.7,25.23,46.43
5,Valparaíso,5401,La Ligua,39270,6808,25896,6566,1483,39.0,false,16.72,17.34,3.78,96.45,51.65,25.36,64.74
14,Los Ríos,14201,La Unión,38907,6718,25688,6501,1494,39.0,false,16.71,17.27,3.84,96.77,51.46,25.31,66.21
10,Los Lagos,10302,Puerto Octay,8865,1480,5904,1481,336,40.0,false,16.71,16.69,3.79,100.07,50.15,25.08,20.0
8,Biobío,8109,Santa Juana,14947,2703,9750,2494,591,39.0,false,16.69,18.08,3.95,92.27,53.3,25.58,67.4
10,Los Lagos,10304,Puyehue,11712,2013,7745,1954,446,41.0,false,16.68,17.19,3.81,97.07,51.22,25.23,43.22
12,Magallanes,12103,Río Verde,102,6,79,17,4,52.0,true,16.67,5.88,3.92,283.33,29.11,21.52,0.0
5,Valparaíso,5702,Catemu,13760,2445,9023,2292,533,39.0,false,16.66,17.77,3.87,93.74,52.5,25.4,58.97
8,Biobío,8304,Laja,23706,4240,15520,3946,882,39.0,false,16.65,17.89,3.72,93.07,52.74,25.43,64.89
7,Maule,7402,Colbún,22637,4149,14718,3770,748,38.0,false,16.65,18.33,3.3,90.87,53.8,25.61,40.68
6,O'Higgins,6112,Peumo,14243,2433,9450,2360,490,39.0,false,16.57,17.08,3.44,97.0,50.72,24.97,84.86
15,Arica y Parinacota,15201,Putre,1547,250,1041,256,62,37.0,true,16.55,16.16,4.01,102.4,48.61,24.59,69.81
13,Metropolitana,13117,Lo Prado,91290,14324,61872,15094,4215,39.0,false,16.53,15.69,4.62,105.38,47.55,24.4,100.0
13,Metropolitana,13129,San Joaquín,95602,14852,64957,15793,4120,38.0,false,16.52,15.54,4.31,106.34,47.18,24.31,100.0
7,Maule,7403,Longaví,33299,5836,21982,5481,1079,40.0,false,16.46,17.53,3.24,93.92,51.48,24.93,27.76
6,O'Higgins,6201,Pichilemu,19847,3565,13018,3264,671,39.0,false,16.45,17.96,3.38,91.56,52.46,25.07,77.12
6,O'Higgins,6308,Placilla,9438,1639,6246,1553,317,39.0,false,16.45,17.37,3.36,94.75,51.1,24.86,23.85
14,Los Ríos,14105,Máfil,8074,1441,5314,1319,303,38.0,false,16.34,17.85,3.75,91.53,51.94,24.82,56.17
11,Aysén,11401,Chile Chico,4905,862,3242,801,169,37.0,true,16.33,17.57,3.45,92.92,51.3,24.71,62.83
5,Valparaíso,5101,Valparaíso,284938,44277,194123,46538,10816,37.0,false,16.33,15.54,3.8,105.11,46.78,23.97,99.42
13,Metropolitana,13111,La Granja,112022,18992,74749,18281,3699,37.0,false,16.32,16.95,3.3,96.26,49.86,24.46,100.0
5,Valparaíso,5706,Santa María,15134,2713,9955,2466,560,39.0,false,16.29,17.93,3.7,90.9,52.02,24.77,61.6
5,Valparaíso,5107,Quintero,35754,6672,23259,5823,1315,38.0,false,16.29,18.66,3.68,87.28,53.72,25.04,80.77
8,Biobío,8305,Mulchén,29036,5251,19058,4727,1133,38.0,false,16.28,18.08,3.9,90.02,52.36,24.8,77.83
6,O'Higgins,6114,Quinta de Tilcoco,13558,2283,9068,2207,461,40.0,false,16.28,16.84,3.4,96.67,49.51,24.34,56.68
10,Los Lagos,10202,Ancud,40949,6704,27601,6644,1562,40.0,false,16.23,16.37,3.81,99.11,48.36,24.07,68.41
8,Biobío,8110,Talcahuano,147322,24209,99208,23905,5106,38.0,false,16.23,16.43,3.47,98.74,48.5,24.1,99.08
13,Metropolitana,13110,La Florida,374836,58762,255327,60747,13258,38.0,false,16.21,15.68,3.54,103.38,46.81,23.79,99.97
6,O'Higgins,6107,Las Cabras,27554,4932,18155,4467,945,39.0,false,16.21,17.9,3.43,90.57,51.77,24.6,35.57
9,La Araucanía,9106,Galvarino,12710,2452,8204,2054,548,38.0,false,16.16,19.29,4.31,83.77,54.92,25.04,33.23
14,Los Ríos,14103,Lanco,16876,3060,11093,2723,674,38.0,false,16.14,18.13,3.99,88.99,52.13,24.55,64.66
6,O'Higgins,6104,Coltauco,21373,3867,14060,3446,738,38.0,false,16.12,18.09,3.45,89.11,52.01,24.51,53.45
4,Coquimbo,4203,Los Vilos,22879,4400,14795,3684,842,38.0,false,16.1,19.23,3.68,83.73,54.64,24.9,78.64
13,Metropolitana,13118,Macul,123800,17981,85893,19926,5505,38.0,false,16.1,14.52,4.45,110.82,44.13,23.2,100.0
13,Metropolitana,13123,Providencia,143974,17123,103746,23105,7547,38.0,false,16.05,11.89,5.24,134.94,38.78,22.27,100.0
5,Valparaíso,5502,La Calera,50631,9069,33436,8126,1885,37.0,false,16.05,17.91,3.72,89.6,51.43,24.3,95.23
9,La Araucanía,9113,Perquenco,7438,1383,4864,1191,289,39.0,false,16.01,18.59,3.89,86.12,52.92,24.49,49.13
7,Maule,7307,Sagrada Familia,19427,3258,13060,3109,630,40.0,false,16.0,16.77,3.24,95.43,48.75,23.81,46.26
5,Valparaíso,5402,Cabildo,20015,3629,13186,3200,726,38.0,false,15.99,18.13,3.63,88.18,51.79,24.27,58.59
7,Maule,7308,Teno,30113,5152,20146,4815,1020,39.0,false,15.99,17.11,3.39,93.46,49.47,23.9,31.34
4,Coquimbo,4204,Salamanca,27823,5127,18256,4440,1090,39.0,false,15.96,18.43,3.92,86.6,52.4,24.32,55.48
8,Biobío,8112,Hualpén,87731,13910,59838,13983,3504,39.0,false,15.94,15.86,3.99,100.52,46.61,23.37,99.11
5,Valparaíso,5501,Quillota,96753,17090,64270,15393,3626,37.0,false,15.91,17.66,3.75,90.07,50.54,23.95,85.83
7,Maule,7104,Empedrado,3990,705,2651,634,144,37.0,true,15.89,17.67,3.61,89.93,50.51,23.92,67.42
9,La Araucanía,9204,Ercilla,7730,1571,4934,1225,284,37.0,false,15.85,20.32,3.67,77.98,56.67,24.83,48.99
13,Metropolitana,13104,Conchalí,121587,20108,82231,19248,5429,38.0,false,15.83,16.54,4.47,95.72,47.86,23.41,100.0
13,Metropolitana,13203,San José de Maipo,17441,2932,11748,2761,613,39.0,false,15.83,16.81,3.51,94.17,48.46,23.5,67.32
5,Valparaíso,5802,Limache,56145,10301,36999,8845,2224,37.0,false,15.75,18.35,3.96,85.87,51.75,23.91,79.8
10,Los Lagos,10207,Queilén,5690,943,3852,895,219,42.0,true,15.73,16.57,3.85,94.91,47.72,23.23,41.2
14,Los Ríos,14104,Los Lagos,21431,3900,14163,3368,754,38.0,false,15.72,18.2,3.52,86.36,51.32,23.78,48.0
7,Maule,7401,Linares,96744,17721,63821,15202,3276,38.0,false,15.71,18.32,3.39,85.79,51.59,23.82,78.81
7,Maule,7408,Yerbas Buenas,20035,3654,13249,3132,598,39.0,false,15.63,18.24,2.98,85.71,51.22,23.64,31.87
6,O'Higgins,6310,Santa Cruz,41209,7301,27469,6439,1528,38.0,false,15.63,17.72,3.71,88.19,50.02,23.44,59.14
4,Coquimbo,4106,Vicuña,28047,5152,18511,4384,1088,38.0,false,15.63,18.37,3.88,85.09,51.52,23.68,58.25
3,Atacama,3303,Freirina,7577,1489,4905,1183,283,37.0,false,15.61,19.65,3.73,79.45,54.48,24.12,60.68
14,Los Ríos,14108,Panguipulli,35098,6532,23089,5477,1245,39.0,false,15.6,18.61,3.55,83.85,52.01,23.72,39.19
13,Metropolitana,13116,Lo Espejo,87295,15405,58289,13601,3064,37.0,false,15.58,17.65,3.51,88.29,49.76,23.33,100.0
5,Valparaíso,5804,Villa Alemana,139571,24469,93351,21751,5260,37.0,false,15.58,17.53,3.77,88.89,49.51,23.3,98.79
7,Maule,7110,San Rafael,11230,2129,7353,1748,350,37.5,false,15.57,18.96,3.12,82.1,52.73,23.77,52.81
9,La Araucanía,9121,Cholchol,13167,2683,8435,2049,517,37.0,false,15.56,20.38,3.93,76.37,56.1,24.29,29.69
9,La Araucanía,9201,Angol,53022,9807,34992,8223,1985,37.0,false,15.51,18.5,3.74,83.85,51.53,23.5,91.59
7,Maule,7304,Molina,48949,8813,32549,7587,1532,38.0,false,15.5,18.0,3.13,86.09,50.39,23.31,77.77
9,La Araucanía,9205,Lonquimay,10247,2074,6586,1587,399,37.0,false,15.49,20.24,3.89,76.52,55.59,24.1,35.88
10,Los Lagos,10401,Chaitén,4025,684,2718,623,136,42.0,true,15.48,16.99,3.38,91.08,48.09,22.92,43.25
13,Metropolitana,13105,El Bosque,155257,27509,103712,24036,5710,36.0,false,15.48,17.72,3.68,87.38,49.7,23.18,100.0
9,La Araucanía,9209,Renaico,10686,2012,7020,1654,332,38.0,false,15.48,18.83,3.11,82.21,52.22,23.56,78.75
8,Biobío,8107,Penco,48971,8525,32890,7556,1641,38.0,false,15.43,17.41,3.35,88.63,48.89,22.97,98.46
1,Tarapacá,1404,Huara,2858,698,1719,441,84,32.0,true,15.43,24.42,2.94,63.18,66.26,25.65,44.51
13,Metropolitana,13504,María Pinto,15352,2900,10086,2366,495,38.0,false,15.41,18.89,3.22,81.59,52.21,23.46,43.09
5,Valparaíso,5301,Los Andes,63440,11610,42069,9761,2142,37.0,false,15.39,18.3,3.38,84.07,50.8,23.2,93.33
9,La Araucanía,9202,Collipulli,24303,4566,15998,3739,856,37.0,false,15.38,18.79,3.52,81.89,51.91,23.37,74.1
8,Biobío,8307,Negrete,10723,1969,7106,1648,374,38.0,false,15.37,18.36,3.49,83.7,50.9,23.19,53.13
12,Magallanes,12104,San Gregorio,241,33,171,37,4,42.0,true,15.35,13.69,1.66,112.12,40.94,21.64,0.0
8,Biobío,8103,Chiguayante,85822,14251,58404,13167,2861,38.0,false,15.34,16.61,3.33,92.39,46.95,22.54,99.95
8,Biobío,8306,Nacimiento,26140,4867,17264,4009,894,38.0,false,15.34,18.62,3.42,82.37,51.41,23.22,86.43
7,Maule,7406,San Javier,49559,9469,32493,7597,1701,37.0,false,15.33,19.11,3.43,80.23,52.52,23.38,72.41
7,Maule,7109,San Clemente,47380,8878,31246,7256,1468,37.0,false,15.31,18.74,3.1,81.73,51.64,23.22,55.26
5,Valparaíso,5103,Concón,48294,7853,33071,7370,1614,38.0,false,15.26,16.26,3.34,93.85,46.03,22.29,90.61
6,O'Higgins,6305,Nancagua,18723,3295,12573,2855,629,38.0,false,15.25,17.6,3.36,86.65,48.91,22.71,64.19
6,O'Higgins,6303,Chimbarongo,37258,6597,24990,5671,1170,39.0,false,15.22,17.71,3.14,85.96,49.09,22.69,65.62
5,Valparaíso,5703,Llay Llay,25484,4982,16630,3872,857,37.0,false,15.19,19.55,3.36,77.72,53.24,23.28,69.17
5,Valparaíso,5704,Panquehue,7269,1313,4855,1101,202,38.0,false,15.15,18.06,2.78,83.85,49.72,22.68,35.27
6,O'Higgins,6105,Doñihue,21925,4064,14540,3321,688,38.0,false,15.15,18.54,3.14,81.72,50.79,22.84,76.72
16,Ñuble,16101,Chillán,190382,33121,128445,28816,6718,38.0,false,15.14,17.4,3.53,87.0,48.22,22.43,88.94
13,Metropolitana,13503,Curacaví,35165,6456,23399,5310,1136,38.0,false,15.1,18.36,3.23,82.25,50.28,22.69,57.71
5,Valparaíso,5601,San Antonio,96770,17827,64360,14583,3213,37.0,false,15.07,18.42,3.32,81.8,50.36,22.66,94.74
8,Biobío,8205,Curanilahue,31119,5865,20566,4688,946,38.0,false,15.06,18.85,3.04,79.93,51.31,22.79,92.0
6,O'Higgins,6111,Olivar,13901,2478,9342,2081,412,38.0,false,14.97,17.83,2.96,83.98,48.8,22.28,66.71
8,Biobío,8203,Cañete,34640,6801,22665,5174,1167,37.5,false,14.94,19.63,3.37,76.08,52.83,22.83,49.62
3,Atacama,3201,Chañaral,12345,2506,7995,1844,406,36.0,false,14.94,20.3,3.29,73.58,54.41,23.06,84.46
10,Los Lagos,10107,Llanquihue,18088,3154,12241,2693,567,38.0,false,14.89,17.44,3.13,85.38,47.77,22.0,79.72
12,Magallanes,12101,Punta Arenas,132363,21733,90957,19673,4437,38.0,false,14.86,16.42,3.35,90.52,45.52,21.63,94.81
3,Atacama,3301,Vallenar,54222,10541,35631,8050,2006,37.0,false,14.85,19.44,3.7,76.37,52.18,22.59,83.39
13,Metropolitana,13120,Ñuñoa,241467,31138,174549,35780,10614,37.0,false,14.82,12.9,4.4,114.91,38.34,20.5,100.0
10,Los Lagos,10102,Calbuco,36474,6428,24646,5400,1336,38.0,false,14.81,17.62,3.66,84.01,47.99,21.91,45.41
8,Biobío,8303,Cabrero,31256,5527,21103,4626,1021,38.0,false,14.8,17.68,3.27,83.7,48.11,21.92,69.27
6,O'Higgins,6301,San Fernando,75585,14159,50250,11176,2426,37.0,false,14.79,18.73,3.21,78.93,50.42,22.24,86.85
8,Biobío,8101,Concepción,230375,31862,164440,34073,8444,36.0,false,14.79,13.83,3.67,106.94,40.1,20.72,97.64
5,Valparaíso,5102,Casablanca,29876,5399,20065,4412,1056,37.0,false,14.77,18.07,3.53,81.72,48.9,21.99,62.9
13,Metropolitana,13103,Cerro Navia,127250,22366,86151,18733,4503,37.0,false,14.72,17.58,3.54,83.76,47.71,21.74,100.0
7,Maule,7101,Talca,232131,40405,157683,34043,7593,36.0,false,14.67,17.41,3.27,84.25,47.21,21.59,94.68
4,Coquimbo,4301,Ovalle,118696,22295,79044,17357,4380,36.0,false,14.62,18.78,3.69,77.85,50.16,21.96,79.51
13,Metropolitana,13127,Recoleta,154615,25486,106537,22592,5650,37.0,false,14.61,16.48,3.65,88.64,45.13,21.21,100.0
14,Los Ríos,14202,Futrono,15635,3136,10222,2277,499,37.0,false,14.56,20.06,3.19,72.61,52.95,22.28,50.83
9,La Araucanía,9104,Curarrehue,7733,1543,5064,1126,289,37.0,false,14.56,19.95,3.74,72.97,52.71,22.24,24.74
9,La Araucanía,9120,Villarrica,67737,13190,44700,9847,2228,37.0,false,14.54,19.47,3.29,74.66,51.54,22.03,56.43
10,Los Lagos,10301,Osorno,166455,28432,113899,24124,5785,37.0,false,14.49,17.08,3.48,84.85,46.14,21.18,89.97
6,O'Higgins,6110,Mostazal,27394,5128,18306,3960,792,37.0,false,14.46,18.72,2.89,77.22,49.64,21.63,77.8
6,O'Higgins,6102,Codegua,13955,2515,9426,2014,383,38.0,false,14.43,18.02,2.74,80.08,48.05,21.37,54.77
3,Atacama,3102,Caldera,18805,3620,12477,2708,491,36.0,false,14.4,19.25,2.61,74.81,50.72,21.7,89.8
8,Biobío,8202,Arauco,37163,6837,24985,5341,1233,38.0,false,14.37,18.4,3.32,78.12,48.74,21.38,73.33
12,Magallanes,12401,Natales,24152,4124,16561,3467,787,37.0,false,14.35,17.08,3.26,84.07,45.84,20.93,88.88
5,Valparaíso,5304,San Esteban,20112,3826,13402,2884,621,38.0,false,14.34,19.02,3.09,75.38,50.07,21.52,55.29
8,Biobío,8201,Lebu,25246,4739,16892,3615,758,37.0,false,14.32,18.77,3.0,76.28,49.46,21.4,90.14
13,Metropolitana,13109,La Cisterna,103157,17137,71244,14776,4087,35.0,false,14.32,16.61,3.96,86.22,44.79,20.74,100.0
14,Los Ríos,14106,Mariquina,22973,4578,15109,3286,767,36.0,false,14.3,19.93,3.34,71.78,52.05,21.75,43.53
5,Valparaíso,5503,Hijuelas,19286,3588,12948,2750,605,37.0,false,14.26,18.6,3.14,76.64,48.95,21.24,71.14
16,Ñuble,16302,Coihueco,29766,5492,20041,4233,884,38.0,false,14.22,18.45,2.97,77.08,48.53,21.12,30.58
14,Los Ríos,14101,Valdivia,170043,27477,118394,24172,5590,36.0,false,14.22,16.16,3.29,87.97,43.62,20.42,89.03
13,Metropolitana,13501,Melipilla,136325,26419,90595,19311,4260,36.0,false,14.17,19.38,3.12,73.1,50.48,21.32,68.64
13,Metropolitana,13119,Maipú,503635,80972,351536,71127,13359,37.0,false,14.12,16.08,2.65,87.84,43.27,20.23,99.48
8,Biobío,8105,Hualqui,25795,4889,17276,3630,815,37.0,false,14.07,18.95,3.16,74.25,49.31,21.01,82.05
7,Maule,7102,Constitución,47004,8982,31439,6583,1262,37.0,false,14.01,19.11,2.68,73.29,49.51,20.94,80.89
7,Maule,7306,Romeral,17233,3167,11661,2405,486,38.0,false,13.96,18.38,2.82,75.94,47.78,20.62,48.74
1,Tarapacá,1405,Pica,6272,1493,3904,875,187,32.0,false,13.95,23.8,2.98,58.61,60.66,22.41,70.97
5,Valparaíso,5104,Juan Fernández,904,189,589,126,16,37.0,true,13.94,20.91,1.77,66.67,53.48,21.39,0.0
5,Valparaíso,5701,San Felipe,80413,14984,54221,11208,2563,36.0,false,13.94,18.63,3.19,74.8,48.31,20.67,86.51
6,O'Higgins,6101,Rancagua,257744,45782,176099,35863,7749,36.0,false,13.91,17.76,3.01,78.33,46.36,20.37,95.63
6,O'Higgins,6115,Rengo,63620,12203,42621,8796,1905,36.0,false,13.83,19.18,2.99,72.08,49.27,20.64,79.89
10,Los Lagos,10105,Frutillar,22554,4344,15096,3114,657,37.0,false,13.81,19.26,2.91,71.69,49.4,20.63,67.63
13,Metropolitana,13202,Pirque,29060,5449,19617,3994,830,37.0,false,13.74,18.75,2.86,73.3,48.14,20.36,42.7
9,La Araucanía,9108,Lautaro,41936,8231,27956,5749,1329,36.0,false,13.71,19.63,3.17,69.85,50.01,20.56,68.97
13,Metropolitana,13303,Tiltil,19742,3901,13134,2707,571,36.0,false,13.71,19.76,2.89,69.39,50.31,20.61,74.42
10,Los Lagos,10403,Hualaihué,9480,1698,6483,1299,297,39.0,false,13.7,17.91,3.13,76.5,46.23,20.04,39.86
9,La Araucanía,9119,Vilcún,31575,6119,21132,4324,957,36.0,false,13.69,19.38,3.03,70.67,49.42,20.46,51.89
7,Maule,7301,Curicó,159968,29580,108493,21895,4551,37.0,false,13.69,18.49,2.84,74.02,47.45,20.18,87.68
2,Antofagasta,2202,Ollagüe,256,48,173,35,6,37.0,true,13.67,18.75,2.34,72.92,47.98,20.23,0.0
10,Los Lagos,10203,Chonchi,16078,2720,11180,2178,523,39.0,false,13.55,16.92,3.25,80.07,43.81,19.48,34.34
13,Metropolitana,13403,Calera de Tango,25491,4593,17463,3435,735,37.0,false,13.48,18.02,2.88,74.79,45.97,19.67,40.35
9,La Araucanía,9115,Pucón,32321,6183,21784,4354,949,37.0,false,13.47,19.13,2.94,70.42,48.37,19.99,54.66
8,Biobío,8301,Los Ángeles,219441,41913,148062,29466,6705,36.0,false,13.43,19.1,3.06,70.3,48.21,19.9,71.18
8,Biobío,8206,Los Álamos,21950,4422,14587,2941,576,36.0,false,13.4,20.15,2.62,66.51,50.48,20.16,82.9
10,Los Lagos,10402,Futaleufú,3062,579,2073,410,102,37.0,true,13.39,18.91,3.33,70.81,47.71,19.78,65.19
13,Metropolitana,13602,El Monte,37497,7528,24958,5011,1099,36.0,false,13.36,20.08,2.93,66.56,50.24,20.08,82.33
13,Metropolitana,13122,Peñalolén,236478,40122,164801,31555,7155,37.0,false,13.34,16.97,3.03,78.65,43.49,19.15,100.0
5,Valparaíso,5303,Rinconada,11855,2499,7782,1574,371,36.0,false,13.28,21.08,3.13,62.99,52.34,20.23,76.83
9,La Araucanía,9101,Temuco,292518,50846,202830,38842,9521,35.0,false,13.28,17.38,3.25,76.39,44.22,19.15,92.41
13,Metropolitana,13126,Quinta Normal,129351,22064,90143,17144,4345,36.0,false,13.25,17.06,3.36,77.7,43.5,19.02,100.0
12,Magallanes,12302,Primavera,431,84,290,57,6,42.0,true,13.23,19.49,1.39,67.86,48.62,19.66,0.0
5,Valparaíso,5302,Calle Larga,16597,3392,11010,2195,499,36.0,false,13.23,20.44,3.01,64.71,50.74,19.94,73.5
4,Coquimbo,4101,La Serena,250141,45405,171669,33067,7693,35.0,false,13.22,18.15,3.08,72.83,45.71,19.26,88.03
2,Antofagasta,2301,Tocopilla,25400,5182,16863,3355,596,35.0,false,13.21,20.4,2.35,64.74,50.63,19.9,96.28
6,O'Higgins,6116,Requínoa,29508,5620,20010,3878,767,37.0,false,13.14,19.05,2.6,69.0,47.47,19.38,65.3
13,Metropolitana,13603,Isla de Maipo,39274,7507,26615,5152,1083,36.0,false,13.12,19.11,2.76,68.63,47.56,19.36,75.11
4,Coquimbo,4102,Coquimbo,263719,50870,178399,34450,7404,35.0,false,13.06,19.29,2.81,67.72,47.83,19.31,92.95
13,Metropolitana,13502,Alhué,7768,1611,5146,1011,242,35.0,false,13.01,20.74,3.12,62.76,50.95,19.65,52.96
13,Metropolitana,13102,Cerrillos,85041,15862,58120,11059,2851,35.0,false,13.0,18.65,3.35,69.72,46.32,19.03,100.0
10,Los Lagos,10205,Dalcahue,14894,2678,10280,1936,519,37.0,false,13.0,17.98,3.48,72.29,44.88,18.83,39.49
2,Antofagasta,2104,Taltal,12097,2403,8122,1572,294,35.0,false,12.99,19.86,2.43,65.42,48.94,19.35,92.91
13,Metropolitana,13601,Talagante,76429,14473,52079,9877,2028,36.0,false,12.92,18.94,2.65,68.24,46.76,18.97,78.66
13,Metropolitana,13128,Renca,143622,27703,97531,18388,3709,35.0,false,12.8,19.29,2.58,66.38,47.26,18.85,100.0
13,Metropolitana,13404,Paine,78828,15339,53411,10078,1959,36.0,false,12.78,19.46,2.49,65.7,47.59,18.87,65.87
11,Aysén,11301,Cochrane,3458,680,2336,442,107,37.0,true,12.78,19.66,3.09,65.0,48.03,18.92,78.17
13,Metropolitana,13605,Peñaflor,94402,17745,64609,12048,2674,36.0,false,12.76,18.8,2.83,67.9,46.11,18.65,92.2
13,Metropolitana,13112,La Pintana,175421,35740,117380,22301,3750,34.0,false,12.71,20.37,2.14,62.4,49.45,19.0,100.0
8,Biobío,8102,Coronel,123648,24741,83219,15688,3162,35.0,false,12.69,20.01,2.56,63.41,48.58,18.85,96.77
15,Arica y Parinacota,15101,Arica,241653,47551,163466,30636,6829,34.0,false,12.68,19.68,2.83,64.43,47.83,18.74,91.08
16,Ñuble,16103,Chillán Viejo,32688,6012,22541,4135,837,37.0,false,12.65,18.39,2.56,68.78,45.02,18.34,83.01
10,Los Lagos,10201,Castro,46997,8213,32887,5897,1462,37.0,false,12.55,17.48,3.11,71.8,42.9,17.93,70.29
11,Aysén,11101,Coyhaique,57823,11220,39411,7192,1554,36.0,false,12.44,19.4,2.69,64.1,46.72,18.25,81.03
9,La Araucanía,9112,Padre las Casas,80656,15982,54673,10001,2154,35.0,false,12.4,19.82,2.67,62.58,47.52,18.29,55.46
12,Magallanes,12402,Torres del Paine,203,23,155,25,6,42.0,true,12.32,11.33,2.96,108.7,30.97,16.13,0.0
5,Valparaíso,5504,La Cruz,24939,5036,16847,3056,680,36.0,false,12.25,20.19,2.73,60.68,48.03,18.14,86.47
13,Metropolitana,13124,Pudahuel,227820,40541,159466,27813,5468,36.0,false,12.21,17.8,2.4,68.6,42.86,17.44,97.07
6,O'Higgins,6106,Graneros,35938,7131,24431,4376,861,35.0,false,12.18,19.84,2.4,61.37,47.1,17.91,88.37
8,Biobío,8207,Tirúa,10208,2133,6832,1243,276,34.0,false,12.18,20.9,2.7,58.27,49.41,18.19,23.55
1,Tarapacá,1101,Iquique,199587,37595,137764,24228,4842,35.0,false,12.14,18.84,2.43,64.44,44.88,17.59,98.21
10,Los Lagos,10109,Puerto Varas,52942,10650,35979,6313,1359,37.0,false,11.92,20.12,2.57,59.28,47.15,17.55,68.19
11,Aysén,11201,Aysén,23170,4459,15965,2746,575,36.0,false,11.85,19.24,2.48,61.58,45.13,17.2,85.3
11,Aysén,11202,Cisnes,5137,949,3580,608,129,37.0,true,11.84,18.47,2.51,64.07,43.49,16.98,71.89
13,Metropolitana,13201,Puente Alto,568086,104301,397179,66606,11424,35.0,false,11.72,18.36,2.01,63.86,43.03,16.77,100.0
12,Magallanes,12301,Porvenir,6809,1301,4719,789,155,35.0,false,11.59,19.11,2.28,60.65,44.29,16.72,90.92
13,Metropolitana,13130,San Miguel,150829,23562,109944,17323,4647,35.0,false,11.49,15.62,3.08,73.52,37.19,15.76,100.0
3,Atacama,3103,Tierra Amarilla,11846,2456,8036,1354,248,34.0,false,11.43,20.73,2.09,55.13,47.41,16.85,78.31
13,Metropolitana,13115,Lo Barnechea,112620,22642,77153,12825,2705,35.0,false,11.39,20.1,2.4,56.64,45.97,16.62,99.32
13,Metropolitana,13401,San Bernardo,306371,60805,210882,34684,6732,34.0,false,11.32,19.85,2.2,57.04,45.28,16.45,98.57
13,Metropolitana,13107,Huechuraba,101808,19459,70891,11458,2794,36.0,false,11.25,19.11,2.74,58.88,43.61,16.16,99.91
12,Magallanes,12102,Laguna Blanca,269,21,218,30,3,37.0,true,11.15,7.81,1.12,142.86,23.39,13.76,0.0
3,Atacama,3101,Copiapó,168831,33541,116609,18681,3982,34.0,false,11.06,19.87,2.36,55.7,44.78,16.02,96.19
6,O'Higgins,6108,Machalí,60875,12811,41349,6715,1230,36.0,false,11.03,21.04,2.02,52.42,47.22,16.24,97.75
13,Metropolitana,13108,Independencia,116943,20475,83629,12839,3265,34.0,false,10.98,17.51,2.79,62.71,39.84,15.35,100.0
8,Biobío,8108,San Pedro de la Paz,150992,30344,104254,16394,3403,35.0,false,10.86,20.1,2.25,54.03,44.83,15.73,99.92
13,Metropolitana,13106,Estación Central,181049,31175,130583,19291,4986,33.0,false,10.66,17.22,2.75,61.88,38.65,14.77,100.0
13,Metropolitana,13402,Buin,116969,24919,79923,12127,2481,34.0,false,10.37,21.3,2.12,48.67,46.35,15.17,88.57
10,Los Lagos,10101,Puerto Montt,277040,51260,197229,28551,6043,34.0,false,10.31,18.5,2.18,55.7,40.47,14.48,85.87
3,Atacama,3202,Diego de Almagro,11397,2412,7813,1172,231,35.0,false,10.28,21.16,2.03,48.59,45.87,15.0,94.81
1,Tarapacá,1401,Pozo Almonte,16878,4053,11116,1709,287,31.0,false,10.13,24.01,1.7,42.17,51.84,15.37,78.08
11,Aysén,11203,Guaitecas,1598,283,1155,160,31,37.0,true,10.01,17.71,1.94,56.54,38.35,13.85,91.93
2,Antofagasta,2101,Antofagasta,401096,75810,286227,39059,7687,33.0,false,9.74,18.9,1.92,51.52,40.13,13.65,99.27
13,Metropolitana,13604,Padre Hurtado,81243,17481,55983,7779,1620,34.0,false,9.57,21.52,1.99,44.5,45.12,13.9,93.08
2,Antofagasta,2302,María Elena,4834,950,3434,450,67,32.0,true,9.31,19.65,1.39,47.37,40.77,13.1,94.04
10,Los Lagos,10208,Quellón,28460,5637,20181,2642,584,35.0,false,9.28,19.81,2.05,46.87,41.02,13.09,61.62
8,Biobío,8314,Alto Biobío,6016,1422,4043,551,116,31.0,false,9.16,23.64,1.93,38.75,48.8,13.63,0.0
2,Antofagasta,2201,Calama,166334,34790,116500,15044,2733,33.0,false,9.04,20.92,1.64,43.24,42.78,12.91,97.21
13,Metropolitana,13125,Quilicura,205624,39177,148463,17984,2751,34.0,false,8.75,19.05,1.34,45.9,38.5,12.11,99.78
2,Antofagasta,2203,San Pedro de Atacama,9843,2058,6946,839,206,33.0,false,8.52,20.91,2.09,40.77,41.71,12.08,63.98
11,Aysén,11302,O'Higgins,647,132,460,55,5,32.0,true,8.5,20.4,0.77,41.67,40.65,11.96,0.0
5,Valparaíso,5201,Isla de Pascua,4800,1033,3362,405,51,32.0,true,8.44,21.52,1.06,39.21,42.77,12.05,93.35
7,Maule,7105,Maule,61081,13674,42295,5112,893,33.0,false,8.37,22.39,1.46,37.38,44.42,12.09,78.25
13,Metropolitana,13101,Santiago,438856,55702,347717,35437,8085,34.0,false,8.07,12.69,1.84,63.62,26.21,10.19,100.0
2,Antofagasta,2102,Mejillones,14084,3346,9625,1113,155,31.0,false,7.9,23.76,1.1,33.26,46.33,11.56,96.77
13,Metropolitana,13301,Colina,173293,41206,118841,13246,2470,33.0,false,7.64,23.78,1.43,32.15,45.82,11.15,83.6
12,Magallanes,12303,Timaukel,157,27,119,11,1,37.0,true,7.01,17.2,0.64,40.74,31.93,9.24,0.0
2,Antofagasta,2103,Sierra Gorda,1472,365,1005,102,16,32.0,true,6.93,24.8,1.09,27.95,46.47,10.15,0.0
13,Metropolitana,13302,Lampa,145160,35062,100357,9741,1714,32.0,false,6.71,24.15,1.18,27.78,44.64,9.71,81.23
11,Aysén,11303,Tortel,505,107,365,33,6,32.0,true,6.53,21.19,1.19,30.84,38.36,9.04,0.0
12,Magallanes,12201,Cabo de Hornos,1750,447,1207,96,11,32.0,true,5.49,25.54,0.63,21.48,44.99,7.95,92.17
1,Tarapacá,1107,Alto Hospicio,142086,36164,98216,7706,1067,29.0,false,5.42,25.45,0.75,21.31,44.67,7.85,98.07
12,Magallanes,12202,Antártica,60,0,60,0,0,42.0,true,0.0,0.0,0.0,,0.0,0.0,0.0
