anio,region_id,region_nombre,pob_total_proy,pob_65_mas_proy,pob_80_mas_proy,pct_65_mas_proy,pct_80_mas_proy
2035,16,Ñuble,538428,127848,33606,23.74,6.24
2035,5,Valparaíso,1994039,471503,128218,23.65,6.43
2035,14,Los Ríos,415938,91928,24208,22.1,5.82
2035,7,Maule,1168050,256306,63091,21.94,5.4
2035,9,La Araucanía,1050165,229922,62867,21.89,5.99
2035,6,O'Higgins,1026221,222305,54123,21.66,5.27
2035,8,Biobío,1678279,356738,92023,21.26,5.48
2035,12,Magallanes,173667,36302,9252,20.9,5.33
2035,4,Coquimbo,861756,179660,48371,20.85,5.61
2035,10,Los Lagos,920240,179438,47391,19.5,5.15
2035,13,Metropolitana,7653939,1461090,388234,19.09,5.07
2035,15,Arica y Parinacota,250179,46853,11874,18.73,4.75
2035,11,Aysén,103217,19057,4664,18.46,4.52
2035,3,Atacama,305645,56471,14158,18.48,4.63
2035,2,Antofagasta,640986,92351,20097,14.41,3.14
2035,1,Tarapacá,369678,52991,11224,14.33,3.04
2050,16,Ñuble,526329,173751,63340,33.01,12.03
2050,5,Valparaíso,1948659,640795,241665,32.88,12.4
2050,14,Los Ríos,403187,124935,45628,30.99,11.32
2050,7,Maule,1130456,348332,118914,30.81,10.52
2050,9,La Araucanía,1015986,312475,118492,30.76,11.66
2050,6,O'Higgins,991859,302123,102011,30.46,10.28
2050,8,Biobío,1619532,484823,173445,29.94,10.71
2050,12,Magallanes,167413,49336,17438,29.47,10.42
2050,4,Coquimbo,829124,244166,91169,29.45,11.0
2050,10,Los Lagos,879988,243864,89324,27.71,10.15
2050,13,Metropolitana,7306852,1985690,731743,27.18,10.01
2050,15,Arica y Parinacota,237880,63675,22379,26.77,9.41
2050,11,Aysén,98062,25899,8790,26.41,8.96
2050,3,Atacama,290213,76746,26686,26.44,9.2
2050,2,Antofagasta,595951,125510,37878,21.06,6.36
2050,1,Tarapacá,342872,72017,21155,21.0,6.17
