region_id,region_nombre,pct_65_mas,pct_80_mas,pct_65_mas_proy,delta_pct_65_mas_2024_2035,indice_demanda_salud
5,Valparaíso,16.58,3.96,23.65,7.07,4.06
16,Ñuble,16.64,3.84,23.74,7.099999999999998,3.933
9,La Araucanía,15.17,3.64,21.89,6.720000000000001,2.305
14,Los Ríos,15.39,3.56,22.1,6.710000000000001,2.264
7,Maule,15.22,3.29,21.94,6.720000000000001,1.74
6,O'Higgins,15.01,3.21,21.66,6.65,1.398
8,Biobío,14.74,3.34,21.26,6.520000000000001,1.29
4,Coquimbo,14.38,3.4,20.85,6.470000000000001,1.139
12,Magallanes,14.53,3.25,20.9,6.369999999999999,0.813
10,Los Lagos,13.44,3.11,19.5,6.0600000000000005,-0.422
13,Metropolitana,13.16,3.07,19.09,5.93,-0.82
15,Arica y Parinacota,12.77,2.84,18.73,5.960000000000001,-1.357
3,Atacama,12.58,2.77,18.48,5.9,-1.658
11,Aysén,12.61,2.71,18.46,5.850000000000001,-1.818
2,Antofagasta,9.69,1.85,14.41,4.720000000000001,-6.385
1,Tarapacá,9.55,1.78,14.33,4.779999999999999,-6.483
