region_casen,n_muestra,ingreso_per_capita_prom,ingreso_hogar_prom
Región Metropolitana de Santiago,38674,652818,2070987
Región de Magallanes y de la Antártica Chilena,5029,627578,1809431
Región de Aysén del Gral. Carlos Ibáñez del Campo,3747,596981,1738341
Región de Antofagasta,9029,551469,1777751
Región de Valparaíso,20552,471775,1468175
Región de Coquimbo,8236,465657,1398184
Región de Tarapacá,8691,459748,1536372
Región de Los Ríos,10603,458935,1388139
Región de Atacama,9011,458572,1434138
Región del Libertador Gral. Bernardo O'Higgins,13864,457085,1414996
Región de Los Lagos,10707,452869,1368081
Región de Arica y Parinacota,8152,443913,1429503
Región del Biobío,19914,439445,1379041
Región del Maule,13739,387283,1159084
Región de La Araucanía,13577,376684,1143138
Región de Ñuble,8706,374403,1098991
