region_nombre,comuna_nombre,pob_total,pct_urbano,pct_65_mas
Arica y Parinacota,Camarones,861,0.0,26.48
Valparaíso,El Tabo,16260,95.5,26.34
Valparaíso,El Quisco,18971,90.76,25.12
Valparaíso,Algarrobo,16076,69.27,24.96
Coquimbo,Río Hurtado,4334,0.0,24.09
Maule,Curepto,9519,33.12,23.96
Ñuble,Cobquecura,5495,31.06,23.49
Coquimbo,Canela,9639,20.39,23.44
Arica y Parinacota,General Lagos,508,0.0,22.83
Ñuble,Ránquil,6508,27.18,22.8
O'Higgins,Pumanque,4559,0.0,22.64
Coquimbo,Combarbalá,12954,42.49,22.53
O'Higgins,Navidad,8885,12.48,22.08
O'Higgins,Paredones,7228,25.43,21.91
Biobío,Quilaco,4440,45.0,21.87
Ñuble,Ñiquén,12797,11.01,21.73
Los Lagos,San Juan de la Costa,7776,0.0,21.66
Ñuble,Portezuelo,5203,38.11,21.6
Atacama,Alto del Carmen,4788,0.0,21.39
Ñuble,Ninhue,5763,27.92,21.29
Ñuble,Quillón,19165,56.8,21.15
La Araucanía,Gorbea,14148,65.8,20.58
Valparaíso,Cartagena,24599,91.01,20.56
O'Higgins,La Estrella,4609,28.1,20.46
Biobío,Quilleco,9700,57.28,20.44
Aysén,Lago Verde,779,0.0,20.41
Maule,Vichuquén,4716,22.37,20.27
La Araucanía,Cunco,19177,48.52,20.08
Maule,Hualañé,10775,45.14,20.02
Maule,Pelluhue,8578,47.33,20.02
La Araucanía,Teodoro Schmidt,15639,30.72,19.96
Biobío,Yumbel,23170,56.21,19.85
Biobío,Antuco,4373,48.27,19.85
Los Lagos,Cochamó,4199,0.0,19.72
Valparaíso,Olmué,19778,70.07,19.41
Biobío,San Rosendo,3575,81.31,19.36
O'Higgins,Lolol,7791,31.06,19.28
La Araucanía,Saavedra,12877,19.74,19.27
Biobío,Florida,12958,32.57,19.24
Metropolitana,Vitacura,86420,100.0,19.24
Ñuble,Treguaco,6124,39.16,19.14
O'Higgins,Marchihue,8715,26.06,19.09
Los Ríos,Corral,5501,50.99,19.05
La Araucanía,Curacautín,18536,69.71,18.97
Ñuble,Quirihue,11746,80.02,18.96
O'Higgins,Litueche,8852,37.96,18.94
Los Lagos,Palena,1903,57.91,18.92
Los Lagos,San Pablo,10883,48.51,18.86
Los Lagos,Maullín,15063,45.79,18.78
Valparaíso,Santo Domingo,13171,52.13,18.78
La Araucanía,Melipeuco,6796,40.21,18.75
Maule,Licantén,6892,64.02,18.72
Maule,Cauquenes,42798,78.05,18.71
Biobío,Tucapel,15729,83.48,18.7
Aysén,Río Ibáñez,2723,0.0,18.69
La Araucanía,Toltén,10041,24.72,18.62
Ñuble,Coelemu,15895,68.35,18.6
La Araucanía,Traiguén,18873,76.11,18.59
Los Lagos,Río Negro,13874,50.99,18.57
Maule,Chanco,9446,41.21,18.49
O'Higgins,Chépica,15668,56.84,18.48
Valparaíso,Zapallar,7980,62.17,18.46
Ñuble,San Fabián,5245,37.22,18.3
O'Higgins,Coinco,7916,42.07,18.28
Metropolitana,Pedro Aguirre Cerda,96062,100.0,18.28
Los Lagos,Puqueldón,4048,0.0,18.26
O'Higgins,Pichidegua,20363,36.18,18.24
Los Lagos,Quinchao,7678,42.78,18.22
Ñuble,San Ignacio,17405,33.68,18.21
Los Lagos,Quemchi,8409,29.74,18.18
Los Lagos,Curaco de Vélez,3662,0.0,18.16
Metropolitana,Las Condes,296134,100.0,18.13
La Araucanía,Loncoche,25158,63.53,18.09
Valparaíso,Petorca,10206,36.67,18.09
Valparaíso,Puchuncaví,22539,84.2,18.09
Coquimbo,La Higuera,4335,25.28,18.06
Los Lagos,Purranque,19542,70.89,18.05
Ñuble,Yungay,18680,73.31,18.04
Los Lagos,Los Muermos,17162,45.94,17.99
Metropolitana,La Reina,89870,100.0,17.91
Maule,Villa Alegre,17919,58.32,17.89
Ñuble,Pinto,12502,46.07,17.89
La Araucanía,Los Sauces,7348,59.23,17.88
Los Lagos,Fresia,12320,61.19,17.85
La Araucanía,Carahue,24957,49.73,17.83
Biobío,Contulmo,5905,40.05,17.83
Valparaíso,Viña del Mar,334871,99.91,17.73
Biobío,Tomé,56907,89.16,17.7
Tarapacá,Camiña,1335,0.0,17.68
Valparaíso,Quilpué,162559,97.78,17.66
Coquimbo,Punitaqui,12076,46.46,17.63
Valparaíso,Putaendo,17336,44.56,17.6
Maule,Pencahue,9181,31.6,17.53
Valparaíso,Papudo,7561,79.39,17.51
Los Ríos,Río Bueno,33363,54.56,17.51
La Araucanía,Freire,26164,22.81,17.5
O'Higgins,Malloa,13882,40.18,17.49
Los Ríos,Paillaco,19802,55.69,17.42
Coquimbo,Paihuano,4649,0.0,17.42
Atacama,Huasco,9369,83.75,17.42
Ñuble,El Carmen,13186,42.54,17.39
Maule,Pelarco,9229,26.24,17.38
Maule,Río Claro,14276,25.53,17.34
Los Ríos,Lago Ranco,10527,18.85,17.34
Biobío,Lota,39980,99.57,17.24
Ñuble,Bulnes,23863,59.77,17.24
O'Higgins,Peralillo,12493,51.15,17.23
O'Higgins,San Vicente,49559,54.48,17.22
La Araucanía,Purén,12184,57.49,17.19
Maule,Retiro,22310,32.69,17.13
La Araucanía,Lumaco,9253,39.85,17.11
Maule,Parral,45323,71.31,17.1
Ñuble,San Nicolás,15099,32.42,17.09
O'Higgins,Palmilla,13060,25.12,17.08
Coquimbo,Illapel,32009,63.89,17.05
Biobío,Santa Bárbara,14075,54.52,17.04
Ñuble,San Carlos,55847,61.34,17.03
La Araucanía,Nueva Imperial,33988,50.64,17.03
Metropolitana,San Pedro,11108,0.0,17.02
La Araucanía,Victoria,34464,70.45,17.0
La Araucanía,Pitrufquén,27041,63.55,16.9
Valparaíso,Nogales,22136,81.6,16.9
Coquimbo,Andacollo,11566,83.25,16.89
Tarapacá,Colchane,790,0.0,16.84
Ñuble,Pemuco,8930,47.92,16.83
Coquimbo,Monte Patria,29997,46.83,16.81
Metropolitana,San Ramón,76002,100.0,16.75
Maule,Rauco,11266,46.43,16.74
Valparaíso,La Ligua,39270,64.74,16.72
Los Ríos,La Unión,38907,66.21,16.71
Los Lagos,Puerto Octay,8865,20.0,16.71
Biobío,Santa Juana,14947,67.4,16.69
Los Lagos,Puyehue,11712,43.22,16.68
Valparaíso,Catemu,13760,58.97,16.66
Biobío,Laja,23706,64.89,16.65
Maule,Colbún,22637,40.68,16.65
O'Higgins,Peumo,14243,84.86,16.57
Arica y Parinacota,Putre,1547,69.81,16.55
Metropolitana,Lo Prado,91290,100.0,16.53
Metropolitana,San Joaquín,95602,100.0,16.52
Maule,Longaví,33299,27.76,16.46
O'Higgins,Pichilemu,19847,77.12,16.45
O'Higgins,Placilla,9438,23.85,16.45
Los Ríos,Máfil,8074,56.17,16.34
Aysén,Chile Chico,4905,62.83,16.33
Valparaíso,Valparaíso,284938,99.42,16.33
Metropolitana,La Granja,112022,100.0,16.32
Valparaíso,Santa María,15134,61.6,16.29
Valparaíso,Quintero,35754,80.77,16.29
Biobío,Mulchén,29036,77.83,16.28
O'Higgins,Quinta de Tilcoco,13558,56.68,16.28
Los Lagos,Ancud,40949,68.41,16.23
Biobío,Talcahuano,147322,99.08,16.23
Metropolitana,La Florida,374836,99.97,16.21
O'Higgins,Las Cabras,27554,35.57,16.21
La Araucanía,Galvarino,12710,33.23,16.16
Los Ríos,Lanco,16876,64.66,16.14
O'Higgins,Coltauco,21373,53.45,16.12
Coquimbo,Los Vilos,22879,78.64,16.1
Metropolitana,Macul,123800,100.0,16.1
Metropolitana,Providencia,143974,100.0,16.05
Valparaíso,La Calera,50631,95.23,16.05
La Araucanía,Perquenco,7438,49.13,16.01
Maule,Sagrada Familia,19427,46.26,16.0
Valparaíso,Cabildo,20015,58.59,15.99
Maule,Teno,30113,31.34,15.99
Coquimbo,Salamanca,27823,55.48,15.96
Biobío,Hualpén,87731,99.11,15.94
Valparaíso,Quillota,96753,85.83,15.91
Maule,Empedrado,3990,67.42,15.89
La Araucanía,Ercilla,7730,48.99,15.85
Metropolitana,Conchalí,121587,100.0,15.83
Metropolitana,San José de Maipo,17441,67.32,15.83
Valparaíso,Limache,56145,79.8,15.75
Los Lagos,Queilén,5690,41.2,15.73
Los Ríos,Los Lagos,21431,48.0,15.72
Maule,Linares,96744,78.81,15.71
Maule,Yerbas Buenas,20035,31.87,15.63
O'Higgins,Santa Cruz,41209,59.14,15.63
Coquimbo,Vicuña,28047,58.25,15.63
Atacama,Freirina,7577,60.68,15.61
Los Ríos,Panguipulli,35098,39.19,15.6
Metropolitana,Lo Espejo,87295,100.0,15.58
Valparaíso,Villa Alemana,139571,98.79,15.58
Maule,San Rafael,11230,52.81,15.57
La Araucanía,Cholchol,13167,29.69,15.56
La Araucanía,Angol,53022,91.59,15.51
Maule,Molina,48949,77.77,15.5
La Araucanía,Lonquimay,10247,35.88,15.49
Los Lagos,Chaitén,4025,43.25,15.48
Metropolitana,El Bosque,155257,100.0,15.48
La Araucanía,Renaico,10686,78.75,15.48
Biobío,Penco,48971,98.46,15.43
Tarapacá,Huara,2858,44.51,15.43
Metropolitana,María Pinto,15352,43.09,15.41
Valparaíso,Los Andes,63440,93.33,15.39
La Araucanía,Collipulli,24303,74.1,15.38
Biobío,Negrete,10723,53.13,15.37
Biobío,Chiguayante,85822,99.95,15.34
Biobío,Nacimiento,26140,86.43,15.34
Maule,San Javier,49559,72.41,15.33
Maule,San Clemente,47380,55.26,15.31
Valparaíso,Concón,48294,90.61,15.26
O'Higgins,Nancagua,18723,64.19,15.25
O'Higgins,Chimbarongo,37258,65.62,15.22
Valparaíso,Llay Llay,25484,69.17,15.19
Valparaíso,Panquehue,7269,35.27,15.15
O'Higgins,Doñihue,21925,76.72,15.15
Ñuble,Chillán,190382,88.94,15.14
Metropolitana,Curacaví,35165,57.71,15.1
Valparaíso,San Antonio,96770,94.74,15.07
Biobío,Curanilahue,31119,92.0,15.06
O'Higgins,Olivar,13901,66.71,14.97
Biobío,Cañete,34640,49.62,14.94
Atacama,Chañaral,12345,84.46,14.94
Los Lagos,Llanquihue,18088,79.72,14.89
Magallanes,Punta Arenas,132363,94.81,14.86
Atacama,Vallenar,54222,83.39,14.85
Metropolitana,Ñuñoa,241467,100.0,14.82
Los Lagos,Calbuco,36474,45.41,14.81
Biobío,Cabrero,31256,69.27,14.8
O'Higgins,San Fernando,75585,86.85,14.79
Biobío,Concepción,230375,97.64,14.79
Valparaíso,Casablanca,29876,62.9,14.77
Metropolitana,Cerro Navia,127250,100.0,14.72
Maule,Talca,232131,94.68,14.67
Coquimbo,Ovalle,118696,79.51,14.62
Metropolitana,Recoleta,154615,100.0,14.61
Los Ríos,Futrono,15635,50.83,14.56
La Araucanía,Curarrehue,7733,24.74,14.56
La Araucanía,Villarrica,67737,56.43,14.54
Los Lagos,Osorno,166455,89.97,14.49
O'Higgins,Mostazal,27394,77.8,14.46
O'Higgins,Codegua,13955,54.77,14.43
Atacama,Caldera,18805,89.8,14.4
Biobío,Arauco,37163,73.33,14.37
Magallanes,Natales,24152,88.88,14.35
Valparaíso,San Esteban,20112,55.29,14.34
Biobío,Lebu,25246,90.14,14.32
Metropolitana,La Cisterna,103157,100.0,14.32
Los Ríos,Mariquina,22973,43.53,14.3
Valparaíso,Hijuelas,19286,71.14,14.26
Ñuble,Coihueco,29766,30.58,14.22
Los Ríos,Valdivia,170043,89.03,14.22
Metropolitana,Melipilla,136325,68.64,14.17
Metropolitana,Maipú,503635,99.48,14.12
Biobío,Hualqui,25795,82.05,14.07
Maule,Constitución,47004,80.89,14.01
Maule,Romeral,17233,48.74,13.96
Tarapacá,Pica,6272,70.97,13.95
Valparaíso,Juan Fernández,904,0.0,13.94
Valparaíso,San Felipe,80413,86.51,13.94
O'Higgins,Rancagua,257744,95.63,13.91
O'Higgins,Rengo,63620,79.89,13.83
Los Lagos,Frutillar,22554,67.63,13.81
Metropolitana,Pirque,29060,42.7,13.74
La Araucanía,Lautaro,41936,68.97,13.71
Metropolitana,Tiltil,19742,74.42,13.71
Los Lagos,Hualaihué,9480,39.86,13.7
La Araucanía,Vilcún,31575,51.89,13.69
Maule,Curicó,159968,87.68,13.69
Los Lagos,Chonchi,16078,34.34,13.55
Metropolitana,Calera de Tango,25491,40.35,13.48
La Araucanía,Pucón,32321,54.66,13.47
Biobío,Los Ángeles,219441,71.18,13.43
Biobío,Los Álamos,21950,82.9,13.4
Los Lagos,Futaleufú,3062,65.19,13.39
Metropolitana,El Monte,37497,82.33,13.36
Metropolitana,Peñalolén,236478,100.0,13.34
Valparaíso,Rinconada,11855,76.83,13.28
La Araucanía,Temuco,292518,92.41,13.28
Metropolitana,Quinta Normal,129351,100.0,13.25
Valparaíso,Calle Larga,16597,73.5,13.23
Coquimbo,La Serena,250141,88.03,13.22
Antofagasta,Tocopilla,25400,96.28,13.21
O'Higgins,Requínoa,29508,65.3,13.14
Metropolitana,Isla de Maipo,39274,75.11,13.12
Coquimbo,Coquimbo,263719,92.95,13.06
Metropolitana,Alhué,7768,52.96,13.01
Metropolitana,Cerrillos,85041,100.0,13.0
Los Lagos,Dalcahue,14894,39.49,13.0
Antofagasta,Taltal,12097,92.91,12.99
Metropolitana,Talagante,76429,78.66,12.92
Metropolitana,Renca,143622,100.0,12.8
Metropolitana,Paine,78828,65.87,12.78
Aysén,Cochrane,3458,78.17,12.78
Metropolitana,Peñaflor,94402,92.2,12.76
Metropolitana,La Pintana,175421,100.0,12.71
Biobío,Coronel,123648,96.77,12.69
Arica y Parinacota,Arica,241653,91.08,12.68
Ñuble,Chillán Viejo,32688,83.01,12.65
Los Lagos,Castro,46997,70.29,12.55
Aysén,Coyhaique,57823,81.03,12.44
La Araucanía,Padre las Casas,80656,55.46,12.4
Valparaíso,La Cruz,24939,86.47,12.25
Metropolitana,Pudahuel,227820,97.07,12.21
O'Higgins,Graneros,35938,88.37,12.18
Biobío,Tirúa,10208,23.55,12.18
Tarapacá,Iquique,199587,98.21,12.14
Los Lagos,Puerto Varas,52942,68.19,11.92
Aysén,Aysén,23170,85.3,11.85
Aysén,Cisnes,5137,71.89,11.84
Metropolitana,Puente Alto,568086,100.0,11.72
Magallanes,Porvenir,6809,90.92,11.59
Metropolitana,San Miguel,150829,100.0,11.49
Atacama,Tierra Amarilla,11846,78.31,11.43
Metropolitana,Lo Barnechea,112620,99.32,11.39
Metropolitana,San Bernardo,306371,98.57,11.32
Metropolitana,Huechuraba,101808,99.91,11.25
Atacama,Copiapó,168831,96.19,11.06
O'Higgins,Machalí,60875,97.75,11.03
Metropolitana,Independencia,116943,100.0,10.98
Biobío,San Pedro de la Paz,150992,99.92,10.86
Metropolitana,Estación Central,181049,100.0,10.66
Metropolitana,Buin,116969,88.57,10.37
Los Lagos,Puerto Montt,277040,85.87,10.31
Atacama,Diego de Almagro,11397,94.81,10.28
Tarapacá,Pozo Almonte,16878,78.08,10.13
Aysén,Guaitecas,1598,91.93,10.01
Antofagasta,Antofagasta,401096,99.27,9.74
Metropolitana,Padre Hurtado,81243,93.08,9.57
Antofagasta,María Elena,4834,94.04,9.31
Los Lagos,Quellón,28460,61.62,9.28
Biobío,Alto Biobío,6016,0.0,9.16
Antofagasta,Calama,166334,97.21,9.04
Metropolitana,Quilicura,205624,99.78,8.75
Antofagasta,San Pedro de Atacama,9843,63.98,8.52
Aysén,O'Higgins,647,0.0,8.5
Valparaíso,Isla de Pascua,4800,93.35,8.44
Maule,Maule,61081,78.25,8.37
Metropolitana,Santiago,438856,100.0,8.07
Antofagasta,Mejillones,14084,96.77,7.9
Metropolitana,Colina,173293,83.6,7.64
Antofagasta,Sierra Gorda,1472,0.0,6.93
Metropolitana,Lampa,145160,81.23,6.71
Aysén,Tortel,505,0.0,6.53
Magallanes,Cabo de Hornos,1750,92.17,5.49
Tarapacá,Alto Hospicio,142086,98.07,5.42
