region_id,region_nombre,pob_total,pob_15_64,pob_65_mas,cotizantes,pct_65_mas,cobertura_previsional_pct,razon_soporte_previsional,adultos_mayores_por_cotizante
16,Ñuble,512289,339759,85234,131591,16.64,38.73,1.54,0.648
9,La Araucanía,1010423,672402,153285,246892,15.17,36.72,1.61,0.621
14,Los Ríos,398230,268231,61287,103506,15.39,38.59,1.69,0.592
5,Valparaíso,1896053,1262981,314343,538683,16.58,42.65,1.71,0.584
4,Coquimbo,832864,558659,119776,230128,14.38,41.19,1.92,0.52
7,Maule,1123008,748403,170875,334444,15.22,44.69,1.96,0.511
8,Biobío,1613059,1092539,237831,475087,14.74,43.48,2.0,0.501
15,Arica y Parinacota,244569,165303,31236,67106,12.77,40.6,2.15,0.465
10,Los Lagos,890284,612818,119628,268001,13.44,43.73,2.24,0.446
6,O'Higgins,987228,660704,148207,333620,15.01,50.49,2.25,0.444
12,Magallanes,166537,114536,24202,63120,14.53,55.11,2.61,0.383
11,Aysén,100745,68841,12705,33805,12.61,49.11,2.66,0.376
3,Atacama,299180,202429,37648,101877,12.58,50.33,2.71,0.37
13,Metropolitana,7400741,5148100,974084,2678039,13.16,52.02,2.75,0.364
1,Tarapacá,369806,253946,35328,113317,9.55,44.62,3.21,0.312
2,Antofagasta,635416,448895,61569,241298,9.69,53.75,3.92,0.255
