anio,pib_corriente_mm,pib_real_mm_2018,pib_real_var_pct
2013,137309192.012458,169863885.538887,
2014,147951290.035925,172908949.58511502,1.7926494714092245
2015,158622902.85196802,176629850.757214,2.151942499811077
2016,168764687.916644,179726240.48337,1.7530387490459542
2017,179314910.106055,182166375.335338,1.3576953734776298
2018,189434867.40996602,189434867.409967,3.9900294778599577
2019,195548149.842177,190655251.15864402,0.6442234026726945
2020,201306507.29119098,178949596.535002,-6.139696941209227
2021,239556270.846081,199237833.892312,11.33740324099679
2022,262954242.474293,203349940.689036,2.063918642553908
2023,282096646.05701804,204726670.28250802,0.6770248315819849
2024,310681169.646904,210469512.09919098,2.805126371057698
2025,339977710.113689,215645493.568181,2.459254747809103
