anio,tipo_beneficio,n_promedio_beneficios,monto_nominal_mm,monto_real_mm,meses
2009,APS invalidez,3983.5833333333335,4341.775899,8154.379091018048,12
2009,APS vejez,60019.833333333336,26869.362121,50430.546359626605,12
2009,PBS invalidez,203022.75,178539.489284,335008.9530504746,12
2009,PBS vejez,379293.8333333333,316533.63931,593905.8013372454,12
2009,Total,646320.0,526284.2666140001,987499.6798383646,12
2010,APS invalidez,13973.833333333334,13652.447556000001,25220.856223700146,12
2010,APS vejez,313333.4166666667,117418.415272,216603.42678343345,12
2010,PBS invalidez,215261.16666666666,202810.646278,375130.4566543491,12
2010,PBS vejez,404539.25,371420.143707,686979.9216072558,12
2010,Total,947107.6666666666,705301.652813,1303934.6612687386,12
2011,APS invalidez,22166.5,21962.417004,39263.33769672123,12
2011,APS vejez,401022.4166666667,209347.167748,374089.05068157404,12
2011,PBS invalidez,214992.5,204740.981542,366461.90433693415,12
2011,PBS vejez,405651.8333333333,382136.158912,683977.9203596724,12
2011,Total,1043833.25,818186.725206,1463792.2130749018,12
2012,APS invalidez,33816.166666666664,32844.45556,57027.16953207356,12
2012,APS vejez,483521.75,281638.172792,489207.25700397434,12
2012,PBS invalidez,205472.16666666666,201783.693501,350668.9403822453,12
2012,PBS vejez,404916.0833333333,392644.913132,682249.571929802,12
2012,Total,1127726.1666666667,908911.234985,1579152.9388480952,12
2013,APS invalidez,47665.916666666664,45582.082812,77640.00765495076,12
2013,APS vejez,564855.4166666666,328400.705554,559669.3633509135,12
2013,PBS invalidez,192418.0,192183.085056,327681.95895378484,12
2013,PBS vejez,403032.25,397972.160176,678441.8684356669,12
2013,Total,1207971.5833333333,964138.033598,1643433.198395316,12
2014,APS invalidez,60073.416666666664,59124.872042999996,96505.04563100569,12
2014,APS vejez,612967.25,377652.764096,616311.317552287,12
2014,PBS invalidez,182905.0,188486.389072,307814.45588630514,12
2014,PBS vejez,399666.5833333333,407573.002087,665480.3543070455,12
2014,Total,1255612.25,1032837.0272980001,1686111.1733766433,12
2015,APS invalidez,64789.666666666664,65283.108689,102144.36171544409,12
2015,APS vejez,664681.75,437627.69573000004,684464.0323678924,12
2015,PBS invalidez,179760.75,194473.26978899998,304286.57048464136,12
2015,PBS vejez,399232.5833333333,424237.43099100003,663839.9619237845,12
2015,Total,1308464.75,1121621.505199,1754734.9264917623,12
2016,APS invalidez,64922.416666666664,67934.258031,102425.1903600599,12
2016,APS vejez,707157.3333333334,495088.841058,746279.3016729462,12
2016,PBS invalidez,180992.41666666666,204652.108587,308543.86528104055,12
2016,PBS vejez,399216.4166666667,442163.251499,666636.1122414046,12
2016,Total,1352288.5833333333,1209838.459175,1823884.4695554513,12
2017,APS invalidez,64676.833333333336,76773.870272,113286.0958209527,12
2017,APS vejez,749129.5,601339.096338,887212.1775765892,12
2017,PBS invalidez,182016.0,232024.882954,342366.3794228931,12
2017,PBS vejez,399448.8333333333,501246.537676,739622.3907227642,12
2017,Total,1395271.1666666667,1411384.38724,2082487.0435431993,12
2018,APS invalidez,66151.66666666667,79812.663079,115095.53603745047,12
2018,APS vejez,816678.0,684086.61673,986325.5386524451,12
2018,PBS invalidez,182976.41666666666,237786.96543,342923.94532434526,12
2018,PBS vejez,402249.25,515662.478629,743646.0867348036,12
2018,Total,1468055.3333333333,1517348.723868,2187991.1067490443,12
2019,APS invalidez,68394.0,85756.616112,120908.66161661336,12
2019,APS vejez,890555.5,808531.408449,1139444.9487209502,12
2019,PBS invalidez,182749.58333333334,248006.708274,349697.75987369154,12
2019,PBS vejez,406526.75,547565.847364,772013.8652127129,12
2019,Total,1548225.8333333333,1689860.580199,2382065.235423968,12
2020,APS invalidez,71303.41666666667,110722.21577,151539.7461627628,12
2020,APS vejez,989609.25,1295385.751955,1772665.1262182225,12
2020,PBS invalidez,182015.5,305696.767504,418423.11957459303,12
2020,PBS vejez,408354.4166666667,727367.049597,995571.2761223618,12
2020,Total,1651282.5833333333,2439171.7848259998,3338199.26807794,12
2021,APS invalidez,78904.58333333333,136504.526742,178647.05518912614,12
2021,APS vejez,1090590.25,1670156.847242,2185500.902574221,12
2021,PBS invalidez,181116.58333333334,350612.938299,459142.83227783605,12
2021,PBS vejez,409641.5833333333,820650.965777,1074652.0977283465,12
2021,Total,1760253.0,2977925.27806,3897942.8877695296,12
2022,APS invalidez,89896.5,173797.63011600001,203830.1666162275,12
2022,APS vejez,291386.5,612962.509117,731217.0313712034,12
2022,PBS invalidez,184115.66666666666,416869.918885,489007.70098243124,12
2022,PBS vejez,34578.416666666664,72961.356456,90892.75219607711,12
2022,Total,2017283.5833333333,4478815.794032,5238760.858669785,12
2023,APS invalidez,95775.33333333333,197439.268039,215710.6071986442,12
2023,APS vejez,169390.33333333334,461439.262337,504108.9288951824,12
2023,PBS invalidez,189362.58333333334,465967.483657,509083.0019359517,12
2023,PBS vejez,0.0,0.0,0.0,12
2023,PGU,1900999.9166666667,4613239.213999,5039382.41386758,12
2023,Total,2355528.1666666665,5738085.228032,6268284.9518973585,12
2024,APS invalidez,99149.25,209949.227078,220740.58843609106,12
2024,APS vejez,162512.91666666666,476262.654703,500763.8217433223,12
2024,PBS invalidez,197153.5,505156.466593,531077.3449328016,12
2024,PBS vejez,0.0,0.0,0.0,12
2024,PGU,2055760.5,5185048.540962,5450631.551723823,12
2024,Total,2514576.1666666665,6376416.889336,6703213.306836038,12
2025,APS invalidez,102628.5,233708.4014472,235683.18024718645,12
2025,APS vejez,156126.83333333334,481315.5380788,485560.0420523302,12
2025,PBS invalidez,202827.16666666666,559087.6032746,563860.2118130528,12
2025,PBS vejez,0.0,0.0,0.0,12
2025,PGU,2177335.8333333335,5769000.0657172,5819013.90460874,12
2025,Total,2638918.3333333335,7043111.6085178,7104117.338721309,12
