periodo,tipo_beneficio,n_beneficios,monto_real_mm,monto_nominal_mm
2008-08-01,PBS invalidez,194304,21543.726887532383,11658.24
2008-08-01,PBS vejez,292137,32391.097155709856,17528.22
2008-08-01,Total,486441,53934.82404324224,29186.46
2008-09-01,PBS invalidez,193518,21230.972926145994,11611.08
2008-09-01,PBS vejez,329546,36146.76875325488,19768.431018
2008-09-01,Total,523064,57377.741679400875,31379.511017999997
2008-10-01,APS invalidez,446,129.1421941740026,71.251256
2008-10-01,APS vejez,3399,1046.258478964769,577.249219
2008-10-01,PBS invalidez,193041,21090.210916095828,11636.042168
2008-10-01,PBS vejez,340883,40133.079735709434,22142.510096
2008-10-01,Total,537769,62398.69132494403,34427.052739000006
2008-11-01,APS invalidez,584,72.87357497912245,40.157064
2008-11-01,APS vejez,4226,505.6192694173765,278.622057
2008-11-01,PBS invalidez,192690,21165.393184532302,11663.213297
2008-11-01,PBS vejez,347314,40003.86756620646,22044.175417
2008-11-01,Total,544814,61747.75359513526,34026.167835
2008-12-01,APS invalidez,700,75.9642814161504,41.366664
2008-12-01,APS vejez,4485,562.3935694175998,306.253747
2008-12-01,PBS invalidez,194451,22727.463947364286,12376.334603
2008-12-01,PBS vejez,358445,43094.44971885542,23467.261041
2008-12-01,Total,558081,66460.27151705346,36191.216055
2009-01-01,APS invalidez,949,151.23318354184786,81.726581
2009-01-01,APS vejez,6199,1075.9403689949088,581.439375
2009-01-01,PBS invalidez,196192,23280.809353429122,12580.975331
2009-01-01,PBS vejez,364131,42060.615807691756,22729.603677
2009-01-01,Total,567471,66568.59871365763,35973.744964000005
2009-02-01,APS invalidez,1180,170.42878911624675,90.903886
2009-02-01,APS vejez,7180,851.3625601752207,454.102652
2009-02-01,PBS invalidez,197256,23533.82032630034,12552.548963
2009-02-01,PBS vejez,366991,42497.38118684317,22667.39742
2009-02-01,Total,572607,67052.99286243498,35764.952921000004
2009-03-01,APS invalidez,1490,205.0532774432236,109.415088
2009-03-01,APS vejez,8287,998.3292205328808,532.701944
2009-03-01,PBS invalidez,198068,23498.57500228438,12538.685964
2009-03-01,PBS vejez,369833,42639.73633677483,22752.284488
2009-03-01,Total,577678,67341.69383703532,35933.087484
2009-04-01,APS invalidez,2041,354.71586062588125,188.982485
2009-04-01,APS vejez,9630,1418.597026202875,755.788001
2009-04-01,PBS invalidez,198891,23739.78556876925,12647.880087
2009-04-01,PBS vejez,371972,42685.621571687196,22741.680691
2009-04-01,Total,582534,68198.72002728519,36334.331264
2009-05-01,APS invalidez,2497,351.46935214838385,186.851878
2009-05-01,APS vejez,11050,1441.5147655005446,766.353423
2009-05-01,PBS invalidez,200088,24223.66023165583,12878.040087
2009-05-01,PBS vejez,374732,43162.606609543174,22946.564345
2009-05-01,Total,588367,69179.25095884793,36777.809733
2009-06-01,APS invalidez,3020,407.57859714269273,217.408373
2009-06-01,APS vejez,12190,1397.8152616669418,745.615064
2009-06-01,PBS invalidez,201424,24598.798518615386,13121.35819
2009-06-01,PBS vejez,377068,43349.85207194139,23123.443858
2009-06-01,Total,593702,69754.04444936641,37207.825485
2009-07-01,APS invalidez,3788,744.4096551361146,395.37618
2009-07-01,APS vejez,13277,1994.51849365066,1059.342927
2009-07-01,PBS invalidez,202738,30707.624719997562,16309.65326
2009-07-01,PBS vejez,378458,54254.66451377581,28816.125442
2009-07-01,Total,598261,87701.21738256015,46580.497809
2009-08-01,APS invalidez,4438,776.1432466306086,410.332854
2009-08-01,APS vejez,14655,2489.7951918120893,1316.309549
2009-08-01,PBS invalidez,204743,31827.060817762605,16826.38966
2009-08-01,PBS vejez,379265,54794.28161694138,28968.742634
2009-08-01,Total,603101,89887.2808731467,47521.774697
2009-09-01,APS invalidez,4980,799.0559221159092,427.249341
2009-09-01,APS vejez,27203,3642.2206570397148,1947.468672
2009-09-01,PBS invalidez,206439,31494.115932022458,16839.6728
2009-09-01,PBS vejez,384674,56164.8033052089,30030.908395
2009-09-01,Total,623296,92100.19581638699,49245.299208
2009-10-01,APS invalidez,6918,1415.634965406589,756.872664
2009-10-01,APS vejez,169034,14378.124436994303,7687.299065
2009-10-01,PBS invalidez,208340,32244.890379375247,17239.808763
2009-10-01,PBS vejez,391967,57357.070104778955,30666.096494
2009-10-01,Total,776259,105395.7198865551,56350.07698600001
2009-11-01,APS invalidez,7736,1255.495179405424,668.596408
2009-11-01,APS vejez,203555,9313.276688663402,4959.655316
2009-11-01,PBS invalidez,209889,32087.58606434071,17087.795426
2009-11-01,PBS vejez,393607,56320.42744812786,29992.656369
2009-11-01,Total,814787,98976.78538053739,52708.703519
2009-12-01,APS invalidez,8766,1523.1610623051265,808.060161
2009-12-01,APS vejez,237978,11429.051688393067,6063.286133
2009-12-01,PBS invalidez,212205,33772.226135921694,17916.680753
2009-12-01,PBS vejez,398828,58618.740763930924,31098.135497
2009-12-01,Total,857777,105343.17965055081,55886.162544
2010-01-01,APS invalidez,9667,1544.1523607529912,823.441855
2010-01-01,APS vejez,250933,10523.678076139204,5611.905416
2010-01-01,PBS invalidez,213689,31980.41814220325,17054.026214
2010-01-01,PBS vejez,401503,57046.50300894459,30420.882973
2010-01-01,Total,875792,101094.75158804005,53910.256458
2010-02-01,APS invalidez,10573,1576.6053731850648,843.110379
2010-02-01,APS vejez,265352,11203.891318713167,5991.427669
2010-02-01,PBS invalidez,212721,29834.842004143826,15954.572639
2010-02-01,PBS vejez,399656,56030.48171662482,29963.034174
2010-02-01,Total,888302,98645.82041266687,52752.14486099999
2010-03-01,APS invalidez,11339,1782.400200288675,953.96331
2010-03-01,APS vejez,283774,13225.262342412245,7078.329007
2010-03-01,PBS invalidez,214407,32296.691862594766,17285.601217
2010-03-01,PBS vejez,402294,58068.76603392781,31079.143867
2010-03-01,Total,911814,105373.1204392235,56397.037401
2010-04-01,APS invalidez,12017,1775.198253999532,954.500136
2010-04-01,APS vejez,290581,11387.444784264346,6122.87533
2010-04-01,PBS invalidez,214665,31006.26854865171,16671.652014
2010-04-01,PBS vejez,403577,57090.99106072345,30697.055165
2010-04-01,Total,920840,101259.90264763904,54446.082645
2010-05-01,APS invalidez,12930,1937.1192977813753,1045.310749
2010-05-01,APS vejez,297968,11959.984619017778,6453.861925
2010-05-01,PBS invalidez,214850,30940.47722216493,16696.139188
2010-05-01,PBS vejez,404226,57135.44247222151,30831.499244
2010-05-01,Total,929974,101973.02361118559,55026.811105999994
2010-06-01,APS invalidez,14155,2329.454912601447,1257.027972
2010-06-01,APS vejez,309440,12445.421329480012,6715.838392
2010-06-01,PBS invalidez,215430,31307.97868231186,16894.512419
2010-06-01,PBS vejez,405141,57088.548447002504,30806.306613
2010-06-01,Total,944166,103171.40337139582,55673.685396
2010-07-01,APS invalidez,15097,2313.3662587383046,1256.365408
2010-07-01,APS vejez,317232,22085.366639794545,11994.335339
2010-07-01,PBS invalidez,215653,31489.329556889505,17101.530822
2010-07-01,PBS vejez,405859,57538.73857639385,31248.696783
2010-07-01,Total,953841,113426.8010318162,61600.928351999995
2010-08-01,APS invalidez,15822,2370.735528598086,1286.256335
2010-08-01,APS vejez,326831,23357.08926633928,12672.524486
2010-08-01,PBS invalidez,215989,31337.168637433246,17002.162913
2010-08-01,PBS vejez,407004,57830.54808748457,31376.29986
2010-08-01,Total,965646,114895.54151985518,62337.243594
2010-09-01,APS invalidez,15785,2198.2254274596653,1197.429812
2010-09-01,APS vejez,337133,22816.332140936363,12428.641742
2010-09-01,PBS invalidez,216293,31335.68117086512,17069.349824
2010-09-01,PBS vejez,405711,56666.81703449185,30867.869701
2010-09-01,Total,974922,113017.05577375299,61563.291079
2010-10-01,APS invalidez,16166,2313.1884755324454,1261.288596
2010-10-01,APS vejez,348007,24894.004871647398,13573.699154
2010-10-01,PBS invalidez,216539,31274.161600497875,17052.541889
2010-10-01,PBS vejez,405916,57280.587188023914,31232.799297
2010-10-01,Total,986628,115761.94213570163,63120.328936
2010-11-01,APS invalidez,16764,2499.6005537142028,1363.890896
2010-11-01,APS vejez,362534,26492.294240991672,14455.349226
2010-11-01,PBS invalidez,216508,31245.541076014477,17048.927658
2010-11-01,PBS vejez,406466,57590.63841823171,31423.959847
2010-11-01,Total,1002272,117828.07428895206,64292.127626999994
2010-12-01,APS invalidez,17371,2580.8095810483574,1409.862108
2010-12-01,APS vejez,370216,26212.657153697448,14319.627586
2010-12-01,PBS invalidez,216390,31081.898150578534,16979.629481
2010-12-01,PBS vejez,407118,57611.85956318529,31472.596183
2010-12-01,Total,1011095,117487.22444850963,64181.715358
2011-01-01,APS invalidez,18329,2958.3212452104417,1620.466417
2011-01-01,APS vejez,372853,26092.07982352445,14292.342041
2011-01-01,PBS invalidez,216183,30720.975989918123,16827.891822
2011-01-01,PBS vejez,408161,58167.29135362336,31862.037417
2011-01-01,Total,1015526,117938.66841227637,64602.737697000004
2011-02-01,APS invalidez,18632,2621.81072125328,1439.441926
2011-02-01,APS vejez,381231,27523.67331843194,15111.208834
2011-02-01,PBS invalidez,215873,30494.18946255736,16742.09906
2011-02-01,PBS vejez,407627,56974.03219153037,31280.217891
2011-02-01,Total,1023363,117613.70569377295,64572.967711
2011-03-01,APS invalidez,19517,3047.418091400517,1685.905506
2011-03-01,APS vejez,384417,25727.987883257043,14233.346108
2011-03-01,PBS invalidez,215968,30555.661471290678,16904.132078
2011-03-01,PBS vejez,408158,56954.061490405446,31508.366419
2011-03-01,Total,1028060,116285.12893635368,64331.75011100001
2011-04-01,APS invalidez,20090,2605.5227764444035,1446.035883
2011-04-01,APS vejez,383911,24381.894097431115,13531.677435
2011-04-01,PBS invalidez,215453,30473.970740898367,16912.711563
2011-04-01,PBS vejez,403355,55087.46062866206,30572.922061
2011-04-01,Total,1022809,112548.84824343595,62463.346942
2011-05-01,APS invalidez,21541,3536.185037043892,1970.390057
2011-05-01,APS vejez,389170,26611.872444583427,14828.344194
2011-05-01,PBS invalidez,215354,30091.631341767854,16767.293163
2011-05-01,PBS vejez,406131,57330.15193000489,31944.810621
2011-05-01,Total,1032196,117569.84075340007,65510.83803499999
2011-06-01,APS invalidez,22369,3317.3751804749118,1851.604447
2011-06-01,APS vejez,397492,27665.556611904707,15441.626245
2011-06-01,PBS invalidez,215443,30155.83604162836,16831.584334
2011-06-01,PBS vejez,406612,56175.01633241475,31354.279933
2011-06-01,Total,1041916,117313.78416642273,65479.094959
2011-07-01,APS invalidez,22951,3341.4276405742644,1867.397322
2011-07-01,APS vejez,402342,34367.38323237626,19206.628518
2011-07-01,PBS invalidez,214230,30729.985948780122,17173.824975
2011-07-01,PBS vejez,405603,57760.90942320004,32280.384068
2011-07-01,Total,1045126,126199.7062449307,70528.234883
2011-08-01,APS invalidez,23552,3468.920966620839,1941.79202
2011-08-01,APS vejez,409747,35884.7890397811,20087.167643
2011-08-01,PBS invalidez,214543,30832.43955217218,17259.022519
2011-08-01,PBS vejez,405997,57764.73655093652,32334.86884
2011-08-01,Total,1053839,127950.88610951063,71622.85102199999
2011-09-01,APS invalidez,23511,3140.980941940838,1766.960281
2011-09-01,APS vejez,409464,33197.81712429456,18675.447371
2011-09-01,PBS invalidez,214849,31259.270360828552,17584.916993
2011-09-01,PBS vejez,405744,57520.162148743075,32357.993809
2011-09-01,Total,1053568,125118.23057580703,70385.318454
2011-10-01,APS invalidez,24843,3921.775622000608,2216.905852
2011-10-01,APS vejez,422164,38284.75593575169,21641.651042
2011-10-01,PBS invalidez,214346,30613.90316257652,17305.462529
2011-10-01,PBS vejez,403625,56613.87631102245,32002.757372
2011-10-01,Total,1064978,129434.31103135127,73166.776795
2011-11-01,APS invalidez,24759,3300.3870124369464,1871.566456
2011-11-01,APS vejez,422687,35270.81036978799,20001.18935
2011-11-01,PBS invalidez,213867,30223.99980776392,17139.270029
2011-11-01,PBS vejez,401693,55540.649469694705,31495.705231
2011-11-01,Total,1063006,124335.84665968356,70507.73106600001
2011-12-01,APS invalidez,25904,4003.212461320287,2283.950837
2011-12-01,APS vejez,436791,39080.430800449736,22296.538967
2011-12-01,PBS invalidez,213801,30310.040456752125,17292.772477
2011-12-01,PBS vejez,405116,58089.57252943475,33141.81525
2011-12-01,Total,1081612,131483.2562479569,75015.077531
2012-01-01,APS invalidez,25802,3398.836487205913,1940.84326
2012-01-01,APS vejez,434885,34722.80918635801,19827.82356
2012-01-01,PBS invalidez,212218,29833.059088823553,17035.621418
2012-01-01,PBS vejez,405147,56489.28511803106,32257.170563
2012-01-01,Total,1078052,124443.98988041854,71061.45880099999
2012-02-01,APS invalidez,27273,4306.764809841352,2468.850893
2012-02-01,APS vejez,445464,38575.69281587754,22113.497686
2012-02-01,PBS invalidez,211479,29451.731780415845,16883.191332
2012-02-01,PBS vejez,405788,56578.839293924524,32433.792901
2012-02-01,Total,1090004,128913.02870005925,73899.332812
2012-03-01,APS invalidez,27865,3988.7041482452214,2290.254314
2012-03-01,APS vejez,459460,39332.75564764095,22584.280497
2012-03-01,PBS invalidez,211975,29830.745146459696,17128.368067
2012-03-01,PBS vejez,405724,56454.862906251656,32415.538609
2012-03-01,Total,1105024,129607.06784859752,74418.441487
2012-04-01,APS invalidez,28785,4038.822681289552,2320.20747
2012-04-01,APS vejez,464267,37452.511297660065,21515.576033
2012-04-01,PBS invalidez,210835,29733.419459549583,17081.141556
2012-04-01,PBS vejez,405278,56280.88281033416,32332.027182
2012-04-01,Total,1109165,127505.63624883335,73248.95224099999
2012-05-01,APS invalidez,29412,4143.989008888682,2381.353308
2012-05-01,APS vejez,472382,39407.71670455956,22645.739729
2012-05-01,PBS invalidez,211171,29847.176433664663,17151.752136
2012-05-01,PBS vejez,405077,56047.42877557633,32207.790521
2012-05-01,Total,1118042,129446.31092268924,74386.635694
2012-06-01,APS invalidez,30222,4245.764822955868,2432.613525
2012-06-01,APS vejez,480566,39813.189150268016,22810.99082
2012-06-01,PBS invalidez,211515,30021.899737641383,17201.065625
2012-06-01,PBS vejez,405447,56381.85160957147,32304.016004
2012-06-01,Total,1127750,130462.70532043675,74748.68597399999
2012-07-01,APS invalidez,30332,4327.096811246862,2478.886784
2012-07-01,APS vejez,478596,40617.4498978679,23268.732858
2012-07-01,PBS invalidez,211177,30753.524330356875,17617.933767
2012-07-01,PBS vejez,405988,57961.04199426463,33204.447983
2012-07-01,Total,1126093,133659.11303373627,76570.00139199999
2012-08-01,APS invalidez,42823,5972.532050789011,3429.082726
2012-08-01,APS vejez,489880,42313.28282179705,24293.841535
2012-08-01,PBS invalidez,198447,28473.78995158799,16348.004571
2012-08-01,PBS vejez,403875,57609.79762405181,33076.216285
2012-08-01,Total,1135025,134369.40244822588,77147.145117
2012-09-01,APS invalidez,43234,5992.202895797211,3466.818007
2012-09-01,APS vejez,499207,42367.49202377041,24511.917706
2012-09-01,PBS invalidez,198376,28595.876682219685,16544.282951
2012-09-01,PBS vejez,403144,56724.83650399045,32818.428891
2012-09-01,Total,1143961,133680.40810577775,77341.44755499999
2012-10-01,APS invalidez,41412,5736.317201065662,3337.315185
2012-10-01,APS vejez,510960,43670.58164095205,25406.979799
2012-10-01,PBS invalidez,197358,27722.232201432616,16128.436285
2012-10-01,PBS vejez,403812,57026.73700097048,33177.418311
2012-10-01,Total,1153542,134155.86804442081,78050.14958
2012-11-01,APS invalidez,38470,5226.436340626536,3026.978572
2012-11-01,APS vejez,526706,45183.15084435968,26168.582282
2012-11-01,PBS invalidez,196261,28499.73554596182,16506.101516
2012-11-01,PBS vejez,403590,56811.856242085014,32903.542734
2012-11-01,Total,1165027,135721.17897303306,78605.205104
2012-12-01,APS invalidez,40164,5649.702274121694,3271.251516
2012-12-01,APS vejez,539888,45750.62497286309,26490.210287
2012-12-01,PBS invalidez,194854,27905.75002413156,16157.794277
2012-12-01,PBS vejez,406123,57882.1520507504,33514.523148
2012-12-01,Total,1181029,137188.22932186673,79433.77922800001
2013-01-01,APS invalidez,41078,5628.829575508141,3264.959519
2013-01-01,APS vejez,546324,45294.20199327579,26272.555239
2013-01-01,PBS invalidez,195551,28184.251340868945,16348.059302
2013-01-01,PBS vejez,407292,57437.611073542634,33316.246745
2013-01-01,Total,1190245,136544.8939831955,79201.820805
2013-02-01,APS invalidez,41618,5652.619727088688,3282.645444
2013-02-01,APS vejez,550022,44684.53184436591,25949.644936
2013-02-01,PBS invalidez,195641,28045.331287795507,16286.763204
2013-02-01,PBS vejez,407384,57043.552655550106,33126.898195
2013-02-01,Total,1194665,135426.0355148002,78645.951779
2013-03-01,APS invalidez,42356,5694.107680652462,3325.167077
2013-03-01,APS vejez,553656,44976.738506944894,26264.900227
2013-03-01,PBS invalidez,195663,27922.183415973024,16305.614544
2013-03-01,PBS vejez,407033,56726.106490824524,33126.135347
2013-03-01,Total,1198708,135319.1360943949,79021.81719500001
2013-04-01,APS invalidez,43023,5774.999063823258,3366.459275
2013-04-01,APS vejez,557660,45352.47162111062,26437.623114
2013-04-01,PBS invalidez,195429,27690.87257226188,16142.027691
2013-04-01,PBS vejez,407163,56917.403382240715,33179.247028
2013-04-01,Total,1203275,135735.7466394365,79125.357108
2013-05-01,APS invalidez,46349,6216.691702732916,3622.028883
2013-05-01,APS vejez,557865,45307.90363740074,26397.727835
2013-05-01,PBS invalidez,194785,27619.387123617285,16091.873729
2013-05-01,PBS vejez,403102,56060.822154841204,32662.696939
2013-05-01,Total,1202101,135204.80461859214,78774.327386
2013-06-01,APS invalidez,47221,6329.532891502022,3704.686561
2013-06-01,APS vejez,560838,45260.805349033355,26491.22774
2013-06-01,PBS invalidez,194527,27479.25785168006,16083.657201
2013-06-01,PBS vejez,402501,55696.44112157314,32599.223427
2013-06-01,Total,1205087,134766.03721378857,78878.794929
2013-07-01,APS invalidez,48012,6443.360251222995,3773.338078
2013-07-01,APS vejez,564939,46333.19230422855,27133.481907
2013-07-01,PBS invalidez,193707,27773.416318384556,16264.570855
2013-07-01,PBS vejez,400723,56054.38359895023,32826.371928
2013-07-01,Total,1207381,136604.35247278633,79997.762768
2013-08-01,APS invalidez,49063,6603.776091757669,3878.280999
2013-08-01,APS vejez,569076,47452.77506611945,27868.176227
2013-08-01,PBS invalidez,192279,27259.64781243348,16009.109437
2013-08-01,PBS vejez,399188,56020.7321937029,32899.986038
2013-08-01,Total,1209606,137336.9311640135,80655.552701
2013-09-01,APS invalidez,51613,7131.1014436859305,4208.414013
2013-09-01,APS vejez,572392,48378.129708795874,28550.315908
2013-09-01,PBS invalidez,189756,26918.23332250182,15885.774619
2013-09-01,PBS vejez,400350,57913.579212713405,34177.654073
2013-09-01,Total,1214111,140341.04368769703,82822.158613
2013-10-01,APS invalidez,53279,7509.835541289915,4445.104175
2013-10-01,APS vejez,576466,48503.321090123936,28709.325776
2013-10-01,PBS invalidez,187727,26535.492678611437,15706.473017
2013-10-01,PBS vejez,400134,56332.70004813081,33343.569083
2013-10-01,Total,1217606,138881.34935815612,82204.472051
2013-11-01,APS invalidez,53904,7324.940190151512,4346.253183
2013-11-01,APS vejez,582144,48941.26334149339,29039.298077
2013-11-01,PBS invalidez,187169,26337.179815326817,15627.16536
2013-11-01,PBS vejez,400749,56226.27837376228,33361.861668
2013-11-01,Total,1223966,138829.661720734,82374.57828799999
2013-12-01,APS invalidez,54475,7330.213495535256,4364.745605
2013-12-01,APS vejez,586883,49184.028888021036,29286.428568
2013-12-01,PBS invalidez,186782,25916.705414330052,15431.996097
2013-12-01,PBS vejez,400768,56012.25812983496,33352.269705
2013-12-01,Total,1228908,138443.2059277213,82435.439975
2014-01-01,APS invalidez,55422,7474.859688014166,4458.841871
2014-01-01,APS vejez,594176,49358.372995569196,29442.851021
2014-01-01,PBS invalidez,185913,26368.4277102634,15729.077796
2014-01-01,PBS vejez,398815,55553.78450783799,33138.486981
2014-01-01,Total,1234326,138755.44490168476,82769.257669
2014-02-01,APS invalidez,57740,7897.603591184814,4733.940635
2014-02-01,APS vejez,595309,48876.14748206626,29297.087145
2014-02-01,PBS invalidez,183701,25704.1740178108,15407.462842
2014-02-01,PBS vejez,397052,54924.69510728465,32922.676231
2014-02-01,Total,1233802,137402.62019834653,82361.166853
2014-03-01,APS invalidez,58292,7877.992516887776,4761.724839
2014-03-01,APS vejez,598940,48809.38430395368,29502.040922
2014-03-01,PBS invalidez,183770,25773.037813424635,15578.094809
2014-03-01,PBS vejez,397518,54640.325106138785,33026.458544
2014-03-01,Total,1238520,137100.73974040488,82868.319114
2014-04-01,APS invalidez,58304,7687.909849503153,4675.687755
2014-04-01,APS vejez,602259,48685.72889628571,29610.033273
2014-04-01,PBS invalidez,183522,25381.09806915456,15436.456953
2014-04-01,PBS vejez,398547,54372.28831806595,33068.525474
2014-04-01,Total,1242632,136127.02513300936,82790.70345500001
2014-05-01,APS invalidez,58634,7711.559764590657,4705.906601
2014-05-01,APS vejez,605684,48892.80968752271,29836.375892
2014-05-01,PBS invalidez,183558,25189.410015378857,15371.599843
2014-05-01,PBS vejez,398953,54270.18732346875,33117.869868
2014-05-01,Total,1246829,136063.96679096099,83031.752204
2014-06-01,APS invalidez,59328,7843.031424189406,4788.613719
2014-06-01,APS vejez,609869,49952.65917595117,30498.920136
2014-06-01,PBS invalidez,183898,25416.208551553682,15518.031023
2014-06-01,PBS vejez,400312,54732.190937475454,33417.094261
2014-06-01,Total,1253407,137944.0900891697,84222.659139
2014-07-01,APS invalidez,61641,8457.5465221225,5175.802913
2014-07-01,APS vejez,615089,51597.16018828778,31576.146972
2014-07-01,PBS invalidez,181885,26048.27038317562,15940.877579
2014-07-01,PBS vejez,400926,56962.506901128065,34859.602413
2014-07-01,Total,1259541,143065.48399471396,87552.429877
2014-08-01,APS invalidez,62080,8423.701575884968,5171.827943
2014-08-01,APS vejez,618705,53681.40651544139,32958.313603
2014-08-01,PBS invalidez,181876,25853.99303161889,15873.354771
2014-08-01,PBS vejez,400933,56602.934727880995,34752.019269
2014-08-01,Total,1263594,144562.03585082624,88755.515586
2014-09-01,APS invalidez,62265,8281.244750549791,5126.914008
2014-09-01,APS vejez,622608,53897.14810923374,33367.694345
2014-09-01,PBS invalidez,182362,25777.673852201686,15958.94351
2014-09-01,PBS vejez,400274,56161.377381374,34769.477425
2014-09-01,Total,1267509,144117.44409335923,89223.02928799999
2014-10-01,APS invalidez,62065,8243.453794606035,5156.641766
2014-10-01,APS vejez,627020,53684.39312856204,33581.941585
2014-10-01,PBS invalidez,181608,25446.156027205736,15917.68623
2014-10-01,PBS vejez,400436,55536.624499754435,34740.593515
2014-10-01,Total,1271129,142910.62745012823,89396.863096
2014-11-01,APS invalidez,62429,8302.953177720097,5195.148404
2014-11-01,APS vejez,630203,53855.823755960795,33697.527957
2014-11-01,PBS invalidez,181221,25436.492071601537,15915.584294
2014-11-01,PBS vejez,400577,55646.126509196496,34817.718363
2014-11-01,Total,1274430,143241.39551447894,89625.97901800001
2014-12-01,APS invalidez,62681,8303.188975752331,5173.821589
2014-12-01,APS vejez,635745,55020.28331345256,34283.831245
2014-12-01,PBS invalidez,181546,25419.51434291574,15839.219422
2014-12-01,PBS vejez,401656,56077.312987439924,34942.479743
2014-12-01,Total,1281628,144820.29961956054,90239.351999
2015-01-01,APS invalidez,63672,8460.272310075601,5275.784032
2015-01-01,APS vejez,643828,55599.25165919376,34671.418761
2015-01-01,PBS invalidez,180092,25301.440812532215,15777.853541
2015-01-01,PBS vejez,398501,55553.197797047644,34642.6998
2015-01-01,Total,1286093,144914.16257884924,90367.75613400001
2015-02-01,APS invalidez,63696,8399.771610981592,5256.481444
2015-02-01,APS vejez,646800,54249.61692686435,33948.792649
2015-02-01,PBS invalidez,179970,25090.3187592725,15701.23583
2015-02-01,PBS vejez,398712,55237.873742391785,34567.232513
2015-02-01,Total,1289178,142977.58103951023,89473.74243600002
2015-03-01,APS invalidez,63863,8398.741046207202,5288.88517
2015-03-01,APS vejez,650698,54379.75155458453,34244.211122
2015-03-01,PBS invalidez,180298,25002.53790371866,15744.687353
2015-03-01,PBS vejez,398938,54951.97266377961,34604.55224
2015-03-01,Total,1293797,142733.00316829,89882.335885
2015-04-01,APS invalidez,64295,8324.145390264872,5272.043349
2015-04-01,APS vejez,654785,54478.28576367875,34503.468003
2015-04-01,PBS invalidez,180102,24963.514421334938,15810.479515
2015-04-01,PBS vejez,399217,54577.59197953454,34566.362949
2015-04-01,Total,1298399,142343.53755481308,90152.353816
2015-05-01,APS invalidez,64440,8319.305328549799,5278.286841
2015-05-01,APS vejez,657398,54531.87384269341,34598.426281
2015-05-01,PBS invalidez,179949,24953.166054428046,15831.84687
2015-05-01,PBS vejez,399583,54586.709543372504,34633.217474
2015-05-01,Total,1301370,142391.05476904372,90341.77746599998
2015-06-01,APS invalidez,65126,8375.914296147539,5339.949617
2015-06-01,APS vejez,661536,54790.1766511947,34930.727856
2015-06-01,PBS invalidez,179401,24784.602951942445,15801.084677
2015-06-01,PBS vejez,399338,54249.41589513671,34585.973231
2015-06-01,Total,1305401,142200.10979442138,90657.735381
2015-07-01,APS invalidez,65480,8817.32982463264,5645.133377
2015-07-01,APS vejez,668244,59271.45424847156,37947.459303
2015-07-01,PBS invalidez,179707,26052.74398657561,16679.790545
2015-07-01,PBS vejez,399884,56425.23512582087,36125.219817
2015-07-01,Total,1313315,150566.7631855007,96397.603042
2015-08-01,APS invalidez,65613,8662.306073906402,5583.352713
2015-08-01,APS vejez,670971,58675.43765717817,37819.682338
2015-08-01,PBS invalidez,179457,25675.53252882746,16549.352214
2015-08-01,PBS vejez,399355,55830.277112512405,35985.813307
2015-08-01,Total,1315396,148843.55337242442,95938.20057199999
2015-09-01,APS invalidez,65532,8663.886840715004,5612.946407
2015-09-01,APS vejez,674715,59199.683432676095,38352.838227
2015-09-01,PBS invalidez,179362,25715.714929891456,16660.066362
2015-09-01,PBS vejez,399289,55788.57889847983,36142.935525
2015-09-01,Total,1318898,149367.8641017624,96768.786521
2015-10-01,APS invalidez,65357,8589.703180413087,5587.585135
2015-10-01,APS vejez,679171,59487.50274506174,38696.5043
2015-10-01,PBS invalidez,179490,25605.139940334484,16656.0935
2015-10-01,PBS vejez,399179,55540.21683452666,36128.802528
2015-10-01,Total,1323197,149222.56270033596,97068.985463
2015-11-01,APS invalidez,65275,8586.89850362768,5584.322589
2015-11-01,APS vejez,681546,59633.75167225353,38781.651651
2015-11-01,PBS invalidez,179523,25548.644654605385,16615.064613
2015-11-01,PBS vejez,399281,55541.65542575871,36120.436371
2015-11-01,Total,1325625,149310.95025624533,97101.47522400001
2015-12-01,APS invalidez,65127,8546.087309922672,5558.338015
2015-12-01,APS vejez,686489,60167.246214041814,39132.515239
2015-12-01,PBS invalidez,179778,25593.213541178153,16645.714769
2015-12-01,PBS vejez,399514,55557.236905423204,36134.185236
2015-12-01,Total,1330908,149863.78397056586,97470.75325899999
2016-01-01,APS invalidez,65270,8561.043110310551,5594.272605
2016-01-01,APS vejez,689781,60199.674711775784,39337.892209
2016-01-01,PBS invalidez,179950,25510.410842921578,16669.953729
2016-01-01,PBS vejez,399298,55249.78311817818,36103.351443
2016-01-01,Total,1334299,149520.91178318608,97705.46998600001
2016-02-01,APS invalidez,65203,8498.032045276337,5568.533546
2016-02-01,APS vejez,693110,59582.721591427704,39042.96691
2016-02-01,PBS invalidez,180257,25531.790357162317,16730.300655
2016-02-01,PBS vejez,399535,55221.38662734023,36185.100533
2016-02-01,Total,1338105,148833.93062120661,97526.90164400001
2016-03-01,APS invalidez,65037,8412.310296311303,5533.273942
2016-03-01,APS vejez,694882,59252.17545485529,38973.659661
2016-03-01,PBS invalidez,180056,25151.256765960494,16543.468889
2016-03-01,PBS vejez,398717,54643.724618189546,35942.409026
2016-03-01,Total,1338692,147459.46713531663,96992.81151799999
2016-04-01,APS invalidez,65063,8454.881105921862,5579.402257
2016-04-01,APS vejez,698498,59463.21511497294,39239.960026
2016-04-01,PBS invalidez,180600,25442.585368580705,16789.640972
2016-04-01,PBS vejez,399208,54811.64658133479,36170.375528
2016-04-01,Total,1343369,148172.3281708103,97779.37878299998
2016-05-01,APS invalidez,65019,8400.768799173937,5556.136247
2016-05-01,APS vejez,702762,60348.344118897105,39913.444855
2016-05-01,PBS invalidez,180821,25163.053837987773,16642.447716
2016-05-01,PBS vejez,399462,54693.994467701275,36173.747001
2016-05-01,Total,1348064,148606.16122376008,98285.775819
2016-06-01,APS invalidez,64993,8344.050810225726,5543.445112
2016-06-01,APS vejez,705597,59481.797801573586,39517.266706
2016-06-01,PBS invalidez,181197,25308.45152897118,16813.897124
2016-06-01,PBS vejez,399721,54327.076561053575,36092.681344
2016-06-01,Total,1351508,147461.37670182405,97967.290286
2016-07-01,APS invalidez,64918,8695.426126091968,5790.860167
2016-07-01,APS vejez,708121,63716.60333928759,42433.106199
2016-07-01,PBS invalidez,181484,26168.605857389255,17427.407822
2016-07-01,PBS vejez,399646,56454.43276444794,37596.74583
2016-07-01,Total,1354169,155035.06808721676,103248.12001800002
2016-08-01,APS invalidez,64873,8673.277327059686,5778.93103
2016-08-01,APS vejez,711670,64300.89891623684,42843.142908
2016-08-01,PBS invalidez,181484,26077.861709207627,17375.457805
2016-08-01,PBS vejez,399449,56434.73975217498,37601.987856
2016-08-01,Total,1357476,155486.77770467912,103599.51959899999
2016-09-01,APS invalidez,64683,8606.605433469302,5748.464418
2016-09-01,APS vejez,714716,64474.22630988422,43063.179634
2016-09-01,PBS invalidez,181431,26068.643521823607,17411.588212
2016-09-01,PBS vejez,399070,56267.674000891915,37581.915934
2016-09-01,Total,1359900,155417.14926606903,103805.148198
2016-10-01,APS invalidez,64595,8582.536573280864,5741.892594
2016-10-01,APS vejez,717878,64519.94152792499,43165.161169
2016-10-01,PBS invalidez,181586,26070.503781938954,17441.700517
2016-10-01,PBS vejez,398626,56049.9583848273,37498.569123
2016-10-01,Total,1362685,155222.94026797212,103847.323403
2016-11-01,APS invalidez,64532,8573.444876951104,5738.893691
2016-11-01,APS vejez,723119,65561.93247479937,43885.855225
2016-11-01,PBS invalidez,181722,26111.33881701065,17478.411508
2016-11-01,PBS vejez,399214,56416.33702771452,37763.975308
2016-11-01,Total,1368587,156663.05319647567,104867.13573200001
2016-12-01,APS invalidez,64883,8622.813855987259,5760.152422
2016-12-01,APS vejez,725754,65377.7703113108,43673.205556
2016-12-01,PBS invalidez,181321,25939.36289208642,17327.833638
2016-12-01,PBS vejez,398651,56065.35833755039,37452.392573
2016-12-01,Total,1370609,156005.30539693485,104213.58418899999
2017-01-01,APS invalidez,64851,9490.563420653232,6374.06168
2017-01-01,APS vejez,728656,71700.398418752,48155.493172
2017-01-01,PBS invalidez,181456,28534.555939328788,19164.406949
2017-01-01,PBS vejez,399136,61623.18549646612,41387.425368
2017-01-01,Total,1374099,171348.70327520015,115081.387169
2017-02-01,APS invalidez,64698,9442.130676954772,6356.714463
2017-02-01,APS vejez,730826,71302.20423062594,48002.698584
2017-02-01,PBS invalidez,181490,28355.582950076045,19089.795557
2017-02-01,PBS vejez,399559,61521.48771281369,41418.038376
2017-02-01,Total,1376573,170621.40557047047,114867.24698
2017-03-01,APS invalidez,64555,9372.603936264373,6334.026587
2017-03-01,APS vejez,732688,70929.89702167717,47934.582172
2017-03-01,PBS invalidez,181740,28345.780482874397,19156.141498
2017-03-01,PBS vejez,399302,61176.23317651481,41343.034451
2017-03-01,Total,1378285,169824.51461733074,114767.784708
2017-04-01,APS invalidez,64599,9354.356318400118,6336.830123
2017-04-01,APS vejez,737384,71522.41838179113,48450.732455
2017-04-01,PBS invalidez,181857,28205.99223534743,19107.309489
2017-04-01,PBS vejez,399802,61243.050413715675,41487.280736
2017-04-01,Total,1383642,170325.81734925436,115382.152803
2017-05-01,APS invalidez,64603,9338.100054890347,6333.843581
2017-05-01,APS vejez,742094,71977.37143178677,48820.788955
2017-05-01,PBS invalidez,182262,28319.080614399998,19208.257131
2017-05-01,PBS vejez,400546,61333.874389242716,41601.521114
2017-05-01,Total,1389505,170968.42649031983,115964.41078099998
2017-06-01,APS invalidez,64826,9390.066410232283,6344.262609
2017-06-01,APS vejez,746120,72402.32503649569,48917.584122
2017-06-01,PBS invalidez,181925,28220.18203784364,19066.557988
2017-06-01,PBS vejez,399677,61044.031348051656,41243.517209
2017-06-01,Total,1392548,171056.60483262327,115571.921928
2017-07-01,APS invalidez,64773,9575.830762237634,6485.37059
2017-07-01,APS vejez,750847,75740.4197081664,51296.300305
2017-07-01,PBS invalidez,182161,29016.63815103688,19651.94001
2017-07-01,PBS vejez,399610,62529.04714421743,42348.706179
2017-07-01,Total,1397391,176861.93576565836,119782.31708400001
2017-08-01,APS invalidez,64825,9528.855044297305,6466.600175
2017-08-01,APS vejez,754760,75368.63631823892,51147.680864
2017-08-01,PBS invalidez,182240,28771.429124205773,19525.255421
2017-08-01,PBS vejez,399317,62015.09416818466,42085.519922
2017-08-01,Total,1401142,175684.01465492666,119225.05638200001
2017-09-01,APS invalidez,64723,9500.427790893242,6437.561727
2017-09-01,APS vejez,758672,75936.48641992272,51455.137539
2017-09-01,PBS invalidez,182297,28778.323332280685,19500.409553
2017-09-01,PBS vejez,399078,62048.51897123944,42044.545755
2017-09-01,Total,1404770,176263.75651433607,119437.65457400001
2017-10-01,APS invalidez,64664,9461.654475044783,6448.906427
2017-10-01,APS vejez,764318,76383.81280029312,52061.937221
2017-10-01,PBS invalidez,182240,28615.812858781068,19504.062418
2017-10-01,PBS vejez,398759,61708.20928825397,42059.289792
2017-10-01,Total,1409981,176169.48942237295,120074.19585799999
2017-11-01,APS invalidez,64564,9437.60573700325,6438.020814
2017-11-01,APS vejez,769106,76715.70017248602,52332.899703
2017-11-01,PBS invalidez,182220,28656.145031818207,19548.269265
2017-11-01,PBS vejez,399090,61684.81389008336,42079.328889
2017-11-01,Total,1414980,176494.2648313908,120398.518671
2017-12-01,APS invalidez,64441,9393.901194081369,6417.671496
2017-12-01,APS vejez,774083,77232.50763635326,52763.261246
2017-12-01,PBS invalidez,182304,28546.856664900217,19502.477675
2017-12-01,PBS vejez,399510,61694.84472398071,42148.329885
2017-12-01,Total,1420338,176868.11021931554,120831.74030199999
2018-01-01,APS invalidez,64454,9360.202062389002,6424.097964
2018-01-01,APS vejez,778728,77362.86008119011,53095.71189
2018-01-01,PBS invalidez,182398,28445.676544570382,19522.849139
2018-01-01,PBS vejez,399710,61360.51418859574,42112.974874
2018-01-01,Total,1425290,176529.25287674525,121155.633867
2018-02-01,APS invalidez,64523,9355.16136511249,6427.297255
2018-02-01,APS vejez,783247,77312.18459150808,53115.961597
2018-02-01,PBS invalidez,182540,28458.951233019976,19552.216365
2018-02-01,PBS vejez,400174,61410.92246523331,42191.282222
2018-02-01,Total,1430484,176537.21965487383,121286.757439
2018-03-01,APS invalidez,65026,9486.961376664503,6530.946673
2018-03-01,APS vejez,791363,78856.7165623522,54285.981594
2018-03-01,PBS invalidez,182850,28497.016378092296,19617.713925
2018-03-01,PBS vejez,400670,61485.12192427527,42327.151606
2018-03-01,Total,1439909,178325.81624138425,122761.793798
2018-04-01,APS invalidez,65537,9478.207463389674,6542.380378
2018-04-01,APS vejez,800876,79660.89616398262,54986.33428
2018-04-01,PBS invalidez,182960,28304.929280962475,19537.619813
2018-04-01,PBS vejez,401455,61416.62607724013,42393.135082
2018-04-01,Total,1450828,178860.65898557488,123459.469553
2018-05-01,APS invalidez,66270,9576.485834410076,6627.306575
2018-05-01,APS vejez,807792,79866.5301845599,55270.794503
2018-05-01,PBS invalidez,183081,28269.93777221113,19563.913915
2018-05-01,PBS vejez,402013,61326.486168265634,42440.351506
2018-05-01,Total,1459156,179039.43995944672,123902.36649899998
2018-06-01,APS invalidez,66607,9550.32262204738,6615.281439
2018-06-01,APS vejez,814687,80468.04957319121,55738.30496
2018-06-01,PBS invalidez,183271,28334.329900957837,19626.516726
2018-06-01,PBS vejez,402451,61305.49780431897,42464.860904
2018-06-01,Total,1467016,179658.1999005154,124444.96402900001
2018-07-01,APS invalidez,66846,9777.909631224466,6794.939077
2018-07-01,APS vejez,821872,84040.40309951856,58401.993944
2018-07-01,PBS invalidez,183335,28880.553746958827,20069.893323
2018-07-01,PBS vejez,402868,62641.44230555706,43531.265906
2018-07-01,Total,1474921,185340.3087832589,128798.09225
2018-08-01,APS invalidez,66913,9739.883704478547,6774.234421
2018-08-01,APS vejez,827986,84561.30118408718,58813.646502
2018-08-01,PBS invalidez,183284,28831.413278682696,20052.678057
2018-08-01,PBS vejez,403017,62632.14546631576,43561.59155
2018-08-01,Total,1481200,185764.7436335642,129202.15053
2018-09-01,APS invalidez,66843,9682.910545398783,6748.188975
2018-09-01,APS vejez,833175,84940.20925141,59196.310956
2018-09-01,PBS invalidez,183113,28763.35141456284,20045.680479
2018-09-01,PBS vejez,403054,62528.49193664293,43577.194887
2018-09-01,Total,1486185,185914.96314801453,129567.37529699999
2018-10-01,APS invalidez,66903,9679.58065950729,6772.58498
2018-10-01,APS vejez,840165,85579.28858810778,59877.90431
2018-10-01,PBS invalidez,183057,28665.35318734787,20056.503197
2018-10-01,PBS vejez,403364,62408.29036581721,43665.677763
2018-10-01,Total,1493489,186332.51280078015,130372.67025
2018-11-01,APS invalidez,66996,9699.89927443429,6781.145898
2018-11-01,APS vejez,846814,86298.99243410872,60331.147983
2018-11-01,PBS invalidez,182917,28652.9501855466,20031.118893
2018-11-01,PBS vejez,403867,62448.68935424001,43657.533101
2018-11-01,Total,1500594,187100.5312483296,130800.94587500002
2018-12-01,APS invalidez,66902,9708.011498393967,6774.259444
2018-12-01,APS vejez,853431,87378.1069384287,60972.524211
2018-12-01,PBS invalidez,182911,28819.482401432313,20110.261598
2018-12-01,PBS vejez,404348,62681.85867830162,43739.459228
2018-12-01,Total,1507592,188587.4595165566,131596.504481
2019-01-01,APS invalidez,67006,9745.727861356252,6808.124915
2019-01-01,APS vejez,859411,88021.6377051952,61489.743326
2019-01-01,PBS invalidez,182878,28706.407756750617,20053.587854
2019-01-01,PBS vejez,404952,62761.505567934786,43843.63855
2019-01-01,Total,1514247,189235.27889123687,132195.094645
2019-02-01,APS invalidez,67231,9765.78435058529,6825.287941
2019-02-01,APS vejez,864545,87734.6439426517,61317.574279
2019-02-01,PBS invalidez,182940,28705.54576209516,20062.250844
2019-02-01,PBS vejez,405530,62740.55863370369,43849.256023
2019-02-01,Total,1520246,188946.53268903584,132054.369087
2019-03-01,APS invalidez,67709,9789.4863697181,6874.302446
2019-03-01,APS vejez,871259,88322.67058412005,62021.308116
2019-03-01,PBS invalidez,183105,28573.12959751146,20064.41679
2019-03-01,PBS vejez,406038,62566.80493447885,43935.210077
2019-03-01,Total,1528111,189252.09148582845,132895.237429
2019-04-01,APS invalidez,68042,9776.071257807389,6882.772657
2019-04-01,APS vejez,877406,88669.2774712247,62426.967071
2019-04-01,PBS invalidez,183115,28442.61745435369,20024.820252
2019-04-01,PBS vejez,406470,62383.53153279118,43920.676697
2019-04-01,Total,1535033,189271.49771617696,133255.236677
2019-05-01,APS invalidez,68452,9773.32506358868,6922.429709
2019-05-01,APS vejez,883647,88735.5730270869,62851.257169
2019-05-01,PBS invalidez,183188,28309.785119323216,20051.773198
2019-05-01,PBS vejez,406993,62105.90174238004,43989.505775
2019-05-01,Total,1542280,188924.58495237882,133814.965851
2019-06-01,APS invalidez,68573,9756.032960736125,6913.552529
2019-06-01,APS vejez,888301,89280.6672856391,63268.1937
2019-06-01,PBS invalidez,183151,28277.95855538052,20039.000757
2019-06-01,PBS vejez,406862,62020.06664408579,43950.137348
2019-06-01,Total,1546887,189334.72544584156,134170.884334
2019-07-01,APS invalidez,69367,10036.738844537065,7128.376068
2019-07-01,APS vejez,897298,93211.20131222201,66201.233986
2019-07-01,PBS invalidez,183153,28927.003469438703,20544.776789
2019-07-01,PBS vejez,407080,63604.46472433877,45173.691493
2019-07-01,Total,1556898,195779.40835053654,139048.078336
2019-08-01,APS invalidez,68685,9952.597244371902,7081.84933
2019-08-01,APS vejez,898613,93341.23072143104,66417.691384
2019-08-01,PBS invalidez,182738,28758.734522079794,20463.505134
2019-08-01,PBS vejez,406828,63409.38881756506,45119.452409
2019-08-01,Total,1556864,195461.9513054478,139082.498257
2019-09-01,APS invalidez,69105,10116.96592995764,7199.678603
2019-09-01,APS vejez,905524,94469.75918324418,67228.84198
2019-09-01,PBS invalidez,182386,28770.738962158885,20474.525182
2019-09-01,PBS vejez,406809,63448.233694961455,45152.55796
2019-09-01,Total,1563824,196805.69777032215,140055.60372500002
2019-10-01,APS invalidez,69405,9961.472205059124,7146.527605
2019-10-01,APS vejez,911097,94206.7118912811,67585.478657
2019-10-01,PBS invalidez,182277,28613.27174762672,20527.64212
2019-10-01,PBS vejez,406611,62912.254131364934,45134.308623
2019-10-01,Total,1569390,195693.70997533188,140393.957005
2019-11-01,APS invalidez,68821,9881.026068284105,7094.828446
2019-11-01,APS vejez,915536,94652.95843689646,67963.235536
2019-11-01,PBS invalidez,182107,28589.296153524192,20527.842979
2019-11-01,PBS vejez,407082,62929.59526592946,45185.052595
2019-11-01,Total,1573546,196052.87592463422,140770.959556
2019-12-01,APS invalidez,68332,12353.433460611686,8878.885863
2019-12-01,APS vejez,914029,138798.61715995776,99759.883245
2019-12-01,PBS invalidez,181957,35023.27077344858,25172.566375
2019-12-01,PBS vejez,407066,81131.55952317888,58312.359814
2019-12-01,Total,1571384,267306.8809171969,192123.695297
2020-01-01,APS invalidez,69587,12587.198397037939,9098.124736
2020-01-01,APS vejez,933220,142025.29305441218,102656.98459
2020-01-01,PBS invalidez,182081,36093.62623306147,26088.753294
2020-01-01,PBS vejez,407818,84879.21638963721,61351.35666
2020-01-01,Total,1592706,275585.3340741488,199195.21928
2020-02-01,APS invalidez,69659,12385.921721081719,8992.781303
2020-02-01,APS vejez,945855,140363.43518082134,101910.677618
2020-02-01,PBS invalidez,182190,34548.879474917,25084.16607
2020-02-01,PBS vejez,409007,82271.27497617366,59732.945197
2020-02-01,Total,1606711,269569.5113529937,195720.570188
2020-03-01,APS invalidez,70292,12402.749583648207,9034.768854
2020-03-01,APS vejez,963962,142063.67604041475,103486.123534
2020-03-01,PBS invalidez,182484,34490.33141892071,25124.442767
2020-03-01,PBS vejez,409402,82083.00649961914,59793.2729
2020-03-01,Total,1626140,271039.7635426028,197438.608055
2020-04-01,APS invalidez,70693,12425.586018862403,9047.722231
2020-04-01,APS vejez,980826,143892.37556840325,104775.601193
2020-04-01,PBS invalidez,182549,34521.53970583949,25136.947406
2020-04-01,PBS vejez,409488,82143.88032791435,59813.276497
2020-04-01,Total,1643556,272983.38162101945,198773.54732699998
2020-05-01,APS invalidez,71054,12480.240295422382,9082.999478
2020-05-01,APS vejez,983844,144468.47327837668,105142.7726
2020-05-01,PBS invalidez,182513,34526.87237534139,25128.327367
2020-05-01,PBS vejez,409485,82205.83333978546,59828.618972
2020-05-01,Total,1646896,273681.41928892594,199182.718417
2020-06-01,APS invalidez,71502,12542.931216919089,9122.062575
2020-06-01,APS vejez,991698,145809.95410761636,106042.798324
2020-06-01,PBS invalidez,182392,34528.47543203612,25111.427948
2020-06-01,PBS vejez,409330,82246.21908254892,59814.978178
2020-06-01,Total,1654922,275127.5798391205,200091.26702499998
2020-07-01,APS invalidez,71666,12887.946554707245,9382.384916
2020-07-01,APS vejez,994436,151098.95990040782,109999.571784
2020-07-01,PBS invalidez,182185,35353.00149525472,25736.874882
2020-07-01,PBS vejez,409166,84283.0380604749,61357.788971
2020-07-01,Total,1657453,283622.94601084467,206476.62055300002
2020-08-01,APS invalidez,71773,12875.681271908832,9385.837826
2020-08-01,APS vejez,999278,151742.34823243014,110613.880677
2020-08-01,PBS invalidez,181973,35274.78401941195,25713.85507
2020-08-01,PBS vejez,408248,84015.18968620691,61243.590041
2020-08-01,Total,1661272,283908.0032099578,206957.163614
2020-09-01,APS invalidez,71871,12792.155530725448,9384.185901
2020-09-01,APS vejez,1006541,151744.45913440175,111318.081659
2020-09-01,PBS invalidez,181745,35006.667214092726,25680.5096
2020-09-01,PBS vejez,407886,83423.43992184907,61198.52646
2020-09-01,Total,1668043,282966.721801069,207581.30362
2020-10-01,APS invalidez,72224,12718.804287963698,9394.451631
2020-10-01,APS vejez,1015105,151721.12152589278,112065.309388
2020-10-01,PBS invalidez,181526,34725.9853717353,25649.548694
2020-10-01,PBS vejez,406826,82665.2386554982,61058.773178
2020-10-01,Total,1675681,281831.14984109,208168.082891
2020-11-01,APS invalidez,72626,12751.972984864076,9406.024915
2020-11-01,APS vejez,1025590,153452.23369097174,113188.408968
2020-11-01,PBS invalidez,181372,34744.18555858313,25627.773475
2020-11-01,PBS vejez,406489,82728.18392604793,61021.409009
2020-11-01,Total,1686077,283676.5761604669,209243.61636699998
2020-12-01,APS invalidez,72694,12688.558299621767,9390.871404
2020-12-01,APS vejez,1034956,154282.7965040738,114185.54162
2020-12-01,PBS invalidez,181176,34608.77127539906,25614.140931
2020-12-01,PBS vejez,407108,82626.75525660602,61152.513534
2020-12-01,Total,1695934,284206.88133570063,210343.067489
2021-01-01,APS invalidez,72911,14259.595293424542,10627.719631
2021-01-01,APS vejez,1044504,173938.79128039072,129637.108813
2021-01-01,PBS invalidez,181008,38452.38507501839,28658.679248
2021-01-01,PBS vejez,408308,89794.5476044248,66924.148736
2021-01-01,Total,1706731,316445.31925325847,235847.65642800002
2021-02-01,APS invalidez,73029,14231.182769657513,10626.19779
2021-02-01,APS vejez,1052693,174114.31754872587,130008.391171
2021-02-01,PBS invalidez,180639,38306.54235774835,28602.885813
2021-02-01,PBS vejez,408052,89581.20695043584,66888.862207
2021-02-01,Total,1714413,316233.2496265676,236126.336981
2021-03-01,APS invalidez,73094,14191.634671111633,10636.442604
2021-03-01,APS vejez,1060194,174909.03998180083,131092.013556
2021-03-01,PBS invalidez,180566,38143.07526621482,28587.730745
2021-03-01,PBS vejez,408360,89306.92452017021,66934.359488
2021-03-01,Total,1722214,316550.6744392975,237250.54639300003
2021-04-01,APS invalidez,74665,14319.303073669727,10772.585325
2021-04-01,APS vejez,1068719,175706.0789351929,132185.813633
2021-04-01,PBS invalidez,180965,38083.349383739725,28650.565505
2021-04-01,PBS vejez,408797,89053.6067260404,66996.108122
2021-04-01,Total,1733146,317162.33811864274,238605.07258500002
2021-05-01,APS invalidez,77523,14557.095021788497,10980.901022
2021-05-01,APS vejez,1076768,176639.53928201762,133245.080459
2021-05-01,PBS invalidez,180572,37898.307323361056,28587.953915
2021-05-01,PBS vejez,408904,88830.31059841198,67007.658257
2021-05-01,Total,1743767,317925.2522255791,239821.593653
2021-06-01,APS invalidez,79307,14747.633347474364,11133.499949
2021-06-01,APS vejez,1083928,177998.99910563,134377.618481
2021-06-01,PBS invalidez,180850,37925.4617592817,28631.246561
2021-06-01,PBS vejez,408641,88693.50490875723,66957.80327
2021-06-01,Total,1752726,319365.59912114334,241100.168261
2021-07-01,APS invalidez,80846,15428.553373058874,11741.778784
2021-07-01,APS vejez,1090775,186563.6953651106,141982.828016
2021-07-01,PBS invalidez,180980,39046.92186625959,29716.351732
2021-07-01,PBS vejez,408548,91224.93483064542,69426.016715
2021-07-01,Total,1761149,332264.1054350744,252866.97524700002
2021-08-01,APS invalidez,81743,15541.238553755364,11870.034721
2021-08-01,APS vejez,1097020,188026.09154196354,143609.93349
2021-08-01,PBS invalidez,181161,38975.19274807043,29768.341151
2021-08-01,PBS vejez,409302,91125.13485220892,69599.247892
2021-08-01,Total,1769226,333667.6576959982,254847.55725399998
2021-09-01,APS invalidez,82312,15440.534292765295,11932.027656
2021-09-01,APS vejez,1108270,188266.4862165552,145487.253073
2021-09-01,PBS invalidez,181169,38523.87675397153,29770.210935
2021-09-01,PBS vejez,409787,90161.01748600033,69673.997916
2021-09-01,Total,1781538,332391.9147492924,256863.48958
2021-10-01,APS invalidez,82592,15285.954746399038,11970.98131
2021-10-01,APS vejez,1121224,188396.50198282738,147540.081174
2021-10-01,PBS invalidez,181504,38084.098366616185,29825.028094
2021-10-01,PBS vejez,411102,89235.87774400014,69883.827499
2021-10-01,Total,1796422,331002.4328398427,259219.918077
2021-11-01,APS invalidez,84083,15362.897676680197,12091.247159
2021-11-01,APS vejez,1135385,190072.17404528792,149594.801892
2021-11-01,PBS invalidez,181898,37978.53848837595,29890.708463
2021-11-01,PBS vejez,412375,89056.20808447566,70090.984504
2021-11-01,Total,1813741,332469.81829481974,261667.74201799996
2021-12-01,APS invalidez,84750,15281.43236934109,12121.110791
2021-12-01,APS vejez,1147603,190869.18728871839,151395.923484
2021-12-01,PBS invalidez,182087,37725.082889178324,29923.236137
2021-12-01,PBS vejez,413523,88588.82342277557,70267.951171
2021-12-01,Total,1827963,332464.52597001335,263708.221583
2022-01-01,APS invalidez,85544,16399.18616054472,13163.941438
2022-01-01,APS vejez,1161305,200765.54413733725,161158.35505
2022-01-01,PBS invalidez,182344,39992.11499357678,32102.43817
2022-01-01,PBS vejez,414941,90892.75219607711,72961.356456
2022-01-01,Total,1844134,348049.5974875359,279386.091114
2022-02-01,APS invalidez,86219,17331.09037556252,13952.250953
2022-02-01,APS vejez,313314,67176.34219871798,54079.758639
2022-02-01,PBS invalidez,182599,41950.29139952547,33771.7351
2022-02-01,PBS vejez,0,0.0,0.0
2022-02-01,PGU,1273220,273532.4406761844,220205.028847
2022-02-01,Total,1855352,399990.1646499904,322008.77353899996
2022-03-01,APS invalidez,87672,17151.4313132539,14063.68116
2022-03-01,APS vejez,316664,66801.75399514184,54775.520011
2022-03-01,PBS invalidez,182858,41243.748280168846,33818.689243
2022-03-01,PBS vejez,0,0.0,0.0
2022-03-01,PGU,1317957,296776.7067988325,243348.377398
2022-03-01,Total,1905151,421973.6403873971,346006.267812
2022-04-01,APS invalidez,88435,16962.680538873592,14103.396273
2022-04-01,APS vejez,311879,65343.27010641084,54328.797266
2022-04-01,PBS invalidez,182742,40648.993659874825,33797.067885
2022-04-01,PBS vejez,0,0.0,0.0
2022-04-01,PGU,1349790,299623.99794638966,249118.408276
2022-04-01,Total,1932846,422578.9422515489,351347.6697
2022-05-01,APS invalidez,89271,16786.983797067714,14124.643459
2022-05-01,APS vejez,177591,40445.998168070844,34031.444265
2022-05-01,PBS invalidez,183254,40278.14773645026,33890.214159
2022-05-01,PBS vejez,0,0.0,0.0
2022-05-01,PGU,1509237,330977.5189660634,278485.968942
2022-05-01,Total,1959353,428488.6486676522,360532.270825
2022-06-01,APS invalidez,90202,16693.145135430852,14176.681537
2022-06-01,APS vejez,174924,39500.267645667096,33545.668626
2022-06-01,PBS invalidez,184170,40104.73192002431,34059.010926
2022-06-01,PBS vejez,0,0.0,0.0
2022-06-01,PGU,1528488,332025.4850487388,281973.200707
2022-06-01,Total,1977784,428323.629749861,363754.561796
2022-07-01,APS invalidez,90730,17380.671090477776,14963.485918
2022-07-01,APS vejez,174528,42968.67220749014,36992.882389
2022-07-01,PBS invalidez,184681,41582.911875527825,35799.844151
2022-07-01,PBS vejez,0,0.0,0.0
2022-07-01,PGU,1547577,347621.50975829386,299276.681492
2022-07-01,Total,1997516,449553.7649317896,387032.89394999994
2022-08-01,APS invalidez,91392,17233.9891012887,15016.870515
2022-08-01,APS vejez,174548,42492.102746886645,37025.577834
2022-08-01,PBS invalidez,185109,41179.8405622166,35882.135582
2022-08-01,PBS vejez,0,0.0,0.0
2022-08-01,PGU,1630289,360551.55349151517,314167.309782
2022-08-01,Total,2081338,461457.48590190714,402091.89371300006
2022-09-01,APS invalidez,91899,17105.137976033402,15033.449159
2022-09-01,APS vejez,173941,42006.64714984542,36919.012004
2022-09-01,PBS invalidez,185298,40866.20990712169,35916.69882
2022-09-01,PBS vejez,0,0.0,0.0
2022-09-01,PGU,1663695,364221.8326146136,320109.104696
2022-09-01,Total,2114833,464199.82764761406,407978.264679
2022-10-01,APS invalidez,92120,17022.774301021305,15038.418848
2022-10-01,APS vejez,173208,41640.32653777835,36786.287615
2022-10-01,PBS invalidez,185393,40676.57893116827,35934.88467
2022-10-01,PBS vejez,0,0.0,0.0
2022-10-01,PGU,1682388,366088.28083025943,323413.140838
2022-10-01,Total,2133109,465427.96060022735,411172.731971
2022-11-01,APS invalidez,92576,16915.124360055448,15089.051696
2022-11-01,APS vejez,172557,41119.20565647313,36680.180804
2022-11-01,PBS invalidez,185356,40275.07337654492,35927.176845
2022-11-01,PBS vejez,0,0.0,0.0
2022-11-01,PGU,1737320,373769.0115317837,333418.768749
2022-11-01,Total,2187809,472078.41492485715,421115.178094
2022-12-01,APS invalidez,92698,16847.952466617593,15071.75916
2022-12-01,APS vejez,172179,40956.90082138388,36639.024614
2022-12-01,PBS invalidez,185584,40209.058340231444,35970.023334
2022-12-01,PBS vejez,0,0.0,0.0
2022-12-01,PGU,1767717,378624.8698411709,338708.389731
2022-12-01,Total,2218178,476638.78146940377,426389.196839
2023-01-01,APS invalidez,93360,16790.275429810234,15141.091502
2023-01-01,APS vejez,171688,40545.51639164695,36563.031753
2023-01-01,PBS invalidez,186106,39999.23133821632,36070.404219
2023-01-01,PBS vejez,0,0.0,0.0
2023-01-01,PGU,1792595,380758.7474278238,343359.646427
2023-01-01,Total,2243749,478093.7705874973,431134.173901
2023-02-01,APS invalidez,93752,18043.099465546624,16313.99405
2023-02-01,APS vejez,171323,40389.40143898768,36518.806318
2023-02-01,PBS invalidez,186512,42508.78909943604,38435.088925
2023-02-01,PBS vejez,0,0.0,0.0
2023-02-01,PGU,1809846,408126.5093085813,369014.949855
2023-02-01,Total,2261433,509067.7993125516,460282.839148
2023-03-01,APS invalidez,94345,18000.737772273973,16393.765869
2023-03-01,APS vejez,171191,40101.43447078041,36521.476844
2023-03-01,PBS invalidez,187117,42338.96549662102,38559.257752
2023-03-01,PBS vejez,0,0.0,0.0
2023-03-01,PGU,1826740,408848.0736407878,372349.160354
2023-03-01,Total,2279393,509289.2113804632,463823.660819
2023-04-01,APS invalidez,94790,18034.774956827478,16467.912107
2023-04-01,APS vejez,171064,40016.84208613974,36540.175292
2023-04-01,PBS invalidez,187578,42330.03423659428,38652.397103
2023-04-01,PBS vejez,0,0.0,0.0
2023-04-01,PGU,1878035,418009.77330839384,381693.047082
2023-04-01,Total,2331467,518391.4245879553,473353.53158400004
2023-05-01,APS invalidez,95315,18024.67721801578,16511.611045
2023-05-01,APS vejez,170272,39681.61382712855,36350.574561
2023-05-01,PBS invalidez,188110,42313.78499428824,38761.790362
2023-05-01,PBS vejez,0,0.0,0.0
2023-05-01,PGU,1896281,420544.0086689551,385241.800142
2023-05-01,Total,2349978,520564.0847083877,476865.77611000004
2023-06-01,APS invalidez,95867,18155.336275460413,16559.497342
2023-06-01,APS vejez,169773,43977.44583437189,40111.864983
2023-06-01,PBS invalidez,188897,42674.70454318627,38923.633566
2023-06-01,PBS vejez,0,0.0,0.0
2023-06-01,PGU,1907098,424551.2705522366,387233.567563
2023-06-01,Total,2361635,529358.7572052552,482828.563454
2023-07-01,APS invalidez,96236,18181.492926109495,16603.171314
2023-07-01,APS vejez,169312,43843.229786119606,40037.232259
2023-07-01,PBS invalidez,189616,42785.48011977977,39071.305039
2023-07-01,PBS vejez,0,0.0,0.0
2023-07-01,PGU,1919243,426619.271236917,389584.775848
2023-07-01,Total,2374407,531429.4740689258,485296.48446
2023-08-01,APS invalidez,96612,18221.185243913296,16659.032127
2023-08-01,APS vejez,168920,43749.87520694499,39999.076178
2023-08-01,PBS invalidez,190382,42907.68380845649,39229.088201
2023-08-01,PBS vejez,0,0.0,0.0
2023-08-01,PGU,1929306,428232.73214513244,391519.143631
2023-08-01,Total,2385220,533111.4764044472,487406.340137
2023-09-01,APS invalidez,97011,18143.812564811655,16693.723129
2023-09-01,APS vejez,168514,43379.46879659171,39912.495733
2023-09-01,PBS invalidez,190911,42757.99230770354,39340.688876
2023-09-01,PBS vejez,0,0.0,0.0
2023-09-01,PGU,1944774,428799.2334402277,394528.749424
2023-09-01,Total,2401210,533080.5071093346,490475.65716199996
2023-10-01,APS invalidez,97164,18098.552189122354,16700.858406
2023-10-01,APS vejez,167430,43077.97037436132,39751.195351
2023-10-01,PBS invalidez,192059,42887.688334968865,39575.60819
2023-10-01,PBS vejez,0,0.0,0.0
2023-10-01,PGU,1956727,430072.1001818129,396858.995927
2023-10-01,Total,2413380,534136.3110802654,492886.657874
2023-11-01,APS invalidez,97283,17953.384256628946,16690.366994
2023-11-01,APS vejez,167010,42643.71714257707,39643.739527
2023-11-01,PBS invalidez,192258,42616.17097368949,39618.131226
2023-11-01,PBS vejez,0,0.0,0.0
2023-11-01,PGU,1970656,429978.99764969177,399730.054674
2023-11-01,Total,2427207,533192.2700225873,495682.292421
2023-12-01,APS invalidez,97569,18063.278900123936,16704.244154
2023-12-01,APS vejez,166187,42702.413539532485,39489.593538
2023-12-01,PBS invalidez,192805,42962.47668301138,39730.090198
2023-12-01,PBS vejez,0,0.0,0.0
2023-12-01,PGU,1980698,434841.6963070198,402125.323072
2023-12-01,Total,2437259,538569.8654296875,498049.25096200005
2024-01-01,APS invalidez,97701,17945.58969068976,16706.356893
2024-01-01,APS vejez,165808,42347.24526234037,39422.956001
2024-01-01,PBS invalidez,193511,42836.61600365224,39878.533243
2024-01-01,PBS vejez,0,0.0,0.0
2024-01-01,PGU,1993826,434785.27539816237,404761.175744
2024-01-01,Total,2450846,537914.7263548448,500769.021881
2024-02-01,APS invalidez,97868,18693.7136234315,17505.104213
2024-02-01,APS vejez,165123,41975.06070404406,39306.144663
2024-02-01,PBS invalidez,194190,44420.47914256422,41596.075143
2024-02-01,PBS vejez,0,0.0,0.0
2024-02-01,PGU,2004812,451867.3651340672,423136.112838
2024-02-01,Total,2461993,556956.618604107,521543.436857
2024-03-01,APS invalidez,98191,18634.81218385385,17515.948363
2024-03-01,APS vejez,164697,41724.1491878549,39218.964777
2024-03-01,PBS invalidez,195118,44461.277910375335,41791.751929
2024-03-01,PBS vejez,0,0.0,0.0
2024-03-01,PGU,2017492,452952.2363648722,425756.262247
2024-03-01,Total,2475498,557772.4756469562,524282.92731600004
2024-04-01,APS invalidez,98417,18547.723590135556,17526.038017
2024-04-01,APS vejez,163767,41276.1963883195,39002.532229
2024-04-01,PBS invalidez,195688,44357.304407054406,41913.920034
2024-04-01,PBS vejez,0,0.0,0.0
2024-04-01,PGU,2029246,453122.1325498436,428162.285405
2024-04-01,Total,2487118,557303.356935353,526604.775685
2024-05-01,APS invalidez,98872,18506.3940798146,17533.060771
2024-05-01,APS vejez,163236,41048.96663625258,38890.019499
2024-05-01,PBS invalidez,196336,44386.76519381384,42052.268433
2024-05-01,PBS vejez,0,0.0,0.0
2024-05-01,PGU,2040542,454324.7360466611,430429.784026
2024-05-01,Total,2498986,558266.8619565421,528905.1327290001
2024-06-01,APS invalidez,99170,18538.692215972886,17547.95189
2024-06-01,APS vejez,162818,42705.611411096106,40423.348408
2024-06-01,PBS invalidez,197054,44587.95695970553,42205.098099
2024-06-01,PBS vejez,0,0.0,0.0
2024-06-01,PGU,2047838,456257.4849666162,431874.282305
2024-06-01,Total,2506880,562089.7455533908,532050.680702
2024-07-01,APS invalidez,99432,18424.288271368467,17568.107526
2024-07-01,APS vejez,162388,42305.97170847099,40340.003859
2024-07-01,PBS invalidez,197756,44419.555663700725,42355.369101
2024-07-01,PBS vejez,0,0.0,0.0
2024-07-01,PGU,2066532,456767.52437141293,435541.436627
2024-07-01,Total,2526108,561917.3400149532,535804.917113
2024-08-01,APS invalidez,99640,18404.7944517852,17594.358125
2024-08-01,APS vejez,161687,42054.39615221949,40202.573768
2024-08-01,PBS invalidez,198391,44448.86375879451,42491.603439
2024-08-01,PBS vejez,0,0.0,0.0
2024-08-01,PGU,2073924,457165.3608343042,437034.551075
2024-08-01,Total,2533642,562073.4151971034,537323.0864070001
2024-09-01,APS invalidez,99687,18375.20581840944,17581.489904
2024-09-01,APS vejez,160986,41849.52344172799,40041.835784
2024-09-01,PBS invalidez,198862,44515.76924025201,42592.913255
2024-09-01,PBS vejez,0,0.0,0.0
2024-09-01,PGU,2082306,458515.5644764407,438710.01214
2024-09-01,Total,2541841,563256.0629768302,538926.251083
2024-10-01,APS invalidez,100038,18225.977415392852,17608.646479
2024-10-01,APS vejez,160543,41346.690024115494,39946.238883
2024-10-01,PBS invalidez,199255,44173.148241900366,42676.962312
2024-10-01,PBS vejez,0,0.0,0.0
2024-10-01,PGU,2092502,456234.99182109983,440781.885066
2024-10-01,Total,2552338,559980.8075025085,541013.73274
2024-11-01,APS invalidez,100295,18206.09172919189,17633.473148
2024-11-01,APS vejez,159749,41076.110808022335,39784.183653
2024-11-01,PBS invalidez,199655,44150.08317761632,42761.473345
2024-11-01,PBS vejez,0,0.0,0.0
2024-11-01,PGU,2104332,457636.032808722,443242.449622
2024-11-01,Total,2564031,561068.3185235525,543421.5797679999
2024-12-01,APS invalidez,100480,18237.305366045068,17628.691749
2024-12-01,APS vejez,159353,41053.90001885847,39683.853179
2024-12-01,PBS invalidez,200026,44319.525233372,42840.49826
2024-12-01,PBS vejez,0,0.0,0.0
2024-12-01,PGU,2115774,461002.84695162036,445618.303867
2024-12-01,Total,2575633,564613.5775698959,545771.347055
2025-01-01,APS invalidez,100583,18045.039465826743,17629.067206
2025-01-01,APS vejez,158817,40484.681501472616,39551.433088
2025-01-01,PBS invalidez,200553,43967.38470362924,42953.8534
2025-01-01,PBS vejez,0,0.0,0.0
2025-01-01,PGU,2123950,457926.6559443904,447370.58117
2025-01-01,Total,2583903,560423.761615319,547504.934864
2025-02-01,APS invalidez,100760,18999.805717923613,18634.759891
2025-02-01,APS vejez,158279,40225.381414300304,39452.525742
2025-02-01,PBS invalidez,201052,45894.27460386814,45012.501723
2025-02-01,PBS vejez,0,0.0,0.0
2025-02-01,PGU,2129912,478766.9253841716,469568.311947
2025-02-01,Total,2590003,583886.3871202637,572668.0993029999
2025-03-01,APS invalidez,101334,18982.511125939513,18711.160421
2025-03-01,APS vejez,157915,39945.44091594466,39374.429869
2025-03-01,PBS invalidez,201745,45822.27225935236,45167.253237
2025-03-01,PBS vejez,0,0.0,0.0
2025-03-01,PGU,2140283,478673.6379225666,471831.106488
2025-03-01,Total,2601277,583423.8622238032,575083.950015
2025-04-01,APS invalidez,101681,18992.8508673468,18757.429674
2025-04-01,APS vejez,157559,39788.19705639444,39295.012284
2025-04-01,PBS invalidez,202261,45851.16472105699,45282.82793
2025-04-01,PBS vejez,0,0.0,0.0
2025-04-01,PGU,2151771,480330.01857862587,474376.206433
2025-04-01,Total,2613272,584962.2312234241,577711.476321
2025-05-01,APS invalidez,102060,19004.455079147385,18806.260249
2025-05-01,APS vejez,156780,39551.82460943183,39139.344108
2025-05-01,PBS invalidez,202484,45809.77364427057,45332.029859
2025-05-01,PBS vejez,0,0.0,0.0
2025-05-01,PGU,2159898,481152.16387465125,476134.294591
2025-05-01,Total,2621222,585518.2172075011,579411.928807
2025-06-01,APS invalidez,102594,19158.775308018747,18880.571494
2025-06-01,APS vejez,156365,41536.0640069387,40932.920474
2025-06-01,PBS invalidez,202774,46066.35135224306,45397.423697
2025-06-01,PBS vejez,0,0.0,0.0
2025-06-01,PGU,2167546,484785.97053398704,477746.412743
2025-06-01,Total,2629279,591547.1612011876,582957.3284080001
2025-07-01,APS invalidez,103075,19045.632730437672,18934.053256
2025-07-01,APS vejez,155883,40694.970447662316,40456.557606300004
2025-07-01,PBS invalidez,203091,45787.03835117265,45518.793460199995
2025-07-01,PBS vejez,0,0.0,0.0
2025-07-01,PGU,2174865,482958.5118953384,480129.0833489
2025-07-01,Total,2636914,588486.1534246111,585038.4876714001
2025-08-01,APS invalidez,103244,19097.822915232704,18992.7255594
2025-08-01,APS vejez,155245,40954.5049843562,40729.1279766
2025-08-01,PBS invalidez,203497,45864.65359631881,45612.2555172
2025-08-01,PBS vejez,0,0.0,0.0
2025-08-01,PGU,2187938,484863.27662886534,482195.02231840004
2025-08-01,Total,2649924,590780.258124773,587529.1313716001
2025-09-01,APS invalidez,103734,19072.327390070997,19051.3978628
2025-09-01,APS vejez,154856,41046.742084366866,41001.698346900004
2025-09-01,PBS invalidez,203979,45755.92906362974,45705.717574199996
2025-09-01,PBS vejez,0,0.0,0.0
2025-09-01,PGU,2205608,484792.9617777615,484260.96128790005
2025-09-01,Total,2668177,590667.9603158291,590019.7750718001
2025-10-01,APS invalidez,103878,21772.706220285403,21757.951745
2025-10-01,APS vejez,154432,40607.949561744506,40580.43121
2025-10-01,PBS invalidez,203828,50991.02347459498,50956.468937
2025-10-01,PBS vejez,0,0.0,0.0
2025-10-01,PGU,2218037,499631.8167071181,499293.236596
2025-10-01,Total,2680175,613003.495963743,612588.088488
2025-11-01,APS invalidez,103900,21687.07746695689,21728.848129
2025-11-01,APS vejez,153934,40378.7067387178,40456.478643
2025-11-01,PBS invalidez,204192,50949.49301591621,51047.624913
2025-11-01,PBS vejez,0,0.0,0.0
2025-11-01,PGU,2225101,499923.3092322631,500886.192665
2025-11-01,Total,2687127,612938.5864538541,614119.1443500001
2025-12-01,APS invalidez,104699,21824.17596,21824.17596
2025-12-01,APS vejez,153457,40345.578731,40345.578731
2025-12-01,PBS invalidez,204470,51100.853027,51100.853027
2025-12-01,PBS vejez,0,0.0,0.0
2025-12-01,PGU,2243121,505208.656129,505208.656129
2025-12-01,Total,2705747,618479.263847,618479.263847
