region_id,region_nombre,n_muestra_65,pob_65_expandida,pct_pobreza_65,pct_pobreza_extrema_65,ee,ic95_inf,ic95_sup,pct_pobreza_menores_65
0,Chile,33559,2602148.0,14.896078163117549,4.874818803542304,0.27394518978452564,14.35914559113988,15.433010735095218,21.335697995250978
1,Tarapacá,1028,35902.0,14.347390117542197,5.414740125898279,1.3544513094617805,11.692665550997107,17.002114684087285,28.019415601428594
2,Antofagasta,1117,72146.0,13.29526238460899,5.791034846006709,1.2490541511767908,10.847116248302479,15.743408520915498,20.241394319139008
3,Atacama,1348,36877.0,17.067548878704883,5.743417306180003,1.2464612336204728,14.624484860808757,19.51061289660101,21.73111357435198
4,Coquimbo,1419,122591.0,20.26494604008451,7.457317421344143,1.3762546806321228,17.56748686604555,22.962405214123468,24.92503368247795
5,Valparaíso,3880,308493.0,14.418155355226862,4.378057200649609,0.7145438336221845,13.017649441327379,15.818661269126345,22.134753579323625
6,O'Higgins,2486,150244.0,15.510769148851203,4.866750086525918,0.8613140693804197,13.82259357286558,17.198944724836824,22.02594576536992
7,Maule,2431,164553.0,17.473397628727522,4.659896811361689,0.9139446687007755,15.682066078074003,19.26472917938104,27.562267680473468
8,Biobío,3546,235694.0,15.249857866555788,4.913574380340611,0.7539977452528659,13.772022285860173,16.727693447251404,23.121873140528535
9,La Araucanía,2479,150571.0,23.159174077345572,7.193284231359293,1.072425770183897,21.057219567785133,25.261128586906008,33.48702833963662
10,Los Lagos,1881,128610.0,18.06391415908561,4.54941295389161,1.1747341646039682,15.761435196461832,20.366393121709386,22.002845434599504
11,Aysén,516,11621.0,12.442991136735222,3.467859908785819,1.550594234804149,9.403826436519088,15.482155836951353,15.246432127447726
12,Magallanes,874,24603.0,9.791488842824046,3.9873186196805266,1.164240776204107,7.509576921463997,12.073400764184097,15.477586822377479
13,Metropolitana,5783,984573.0,11.955436519181411,4.310294919726623,0.5352533956660278,10.906339863675997,13.004533174686827,17.147358171601137
14,Los Ríos,1857,59162.0,13.71995537676211,3.066157330719043,0.9726028701033517,11.813653751359542,15.626257002164682,22.005667919235
15,Arica y Parinacota,1155,31183.0,14.289837411410064,4.948208960010262,1.3507960686716687,11.642277116813593,16.937397706006536,26.819098381994117
16,Ñuble,1759,85325.0,19.94491649575154,6.492821564605919,1.1051688204841368,17.778785607602632,22.111047383900445,31.562352636591434
