anio,pob_total,pob_0_14,pob_15_64,pob_65_mas,pob_80_mas,pct_65_mas,pct_0_14,pct_80_mas,indice_envejecimiento,indice_dependencia_total,indice_dependencia_vejez
1992,13770793,4038124,8832705,899964,169228,6.54,29.32,1.23,22.29,55.91,10.19
1993,13991127,4089427,8967089,934611,177729,6.68,29.23,1.27,22.85,56.03,10.42
1994,14206429,4131065,9102452,972912,186648,6.85,29.08,1.31,23.55,56.07,10.69
1995,14414046,4155741,9244958,1013347,195327,7.03,28.83,1.36,24.38,55.91,10.96
1996,14613776,4163882,9398522,1051372,203421,7.19,28.49,1.39,25.25,55.49,11.19
1997,14809841,4164337,9560271,1085233,211112,7.33,28.12,1.43,26.06,54.91,11.35
1998,15001623,4164033,9720840,1116750,217790,7.44,27.76,1.45,26.82,54.32,11.49
1999,15185799,4162659,9876477,1146663,222996,7.55,27.41,1.47,27.55,53.76,11.61
2000,15365623,4156257,10031130,1178236,229816,7.67,27.05,1.5,28.35,53.18,11.75
2001,15543565,4142921,10188425,1212219,238856,7.8,26.65,1.54,29.26,52.56,11.9
2002,15715924,4115335,10353039,1247550,249138,7.94,26.19,1.59,30.31,51.8,12.05
2003,15882092,4069052,10527915,1285125,260215,8.09,25.62,1.64,31.58,50.86,12.21
2004,16041612,4005620,10710451,1325541,271292,8.26,24.97,1.69,33.09,49.78,12.38
2005,16198348,3934153,10894839,1369356,282949,8.45,24.29,1.75,34.81,48.68,12.57
2006,16356738,3866165,11073308,1417265,295446,8.66,23.64,1.81,36.66,47.71,12.8
2007,16516863,3808447,11241243,1467173,309571,8.88,23.06,1.87,38.52,46.93,13.05
2008,16682228,3762967,11399561,1519700,327119,9.11,22.56,1.96,40.39,46.34,13.33
2009,16855484,3727512,11552057,1575915,348266,9.35,22.11,2.07,42.28,45.91,13.64
2010,17030393,3701026,11698238,1631129,369350,9.58,21.73,2.17,44.07,45.58,13.94
2011,17204567,3678751,11839784,1686032,389093,9.8,21.38,2.26,45.83,45.31,14.24
2012,17380597,3658453,11979439,1742705,405903,10.03,21.05,2.34,47.64,45.09,14.55
2013,17559507,3641527,12112452,1805528,420865,10.28,20.74,2.4,49.58,44.97,14.91
2014,17749360,3634852,12239091,1875417,436209,10.57,20.48,2.46,51.6,45.02,15.32
2015,17954875,3636843,12370762,1947270,451718,10.85,20.26,2.52,53.54,45.14,15.74
2016,18190964,3639624,12528969,2022371,468221,11.12,20.01,2.57,55.57,45.19,16.14
2017,18460529,3644417,12712595,2103517,485201,11.39,19.74,2.63,57.72,45.21,16.55
2018,18754494,3657140,12904259,2193095,503985,11.69,19.5,2.69,59.97,45.34,17.0
2019,19040037,3669937,13082218,2287882,526581,12.02,19.27,2.77,62.34,45.54,17.49
2020,19235540,3657190,13199464,2378886,548888,12.37,19.01,2.85,65.05,45.73,18.02
2021,19391613,3626575,13299237,2465801,568961,12.72,18.7,2.93,67.99,45.81,18.54
2022,19581575,3597557,13427739,2556279,588156,13.05,18.37,3.0,71.06,45.83,19.04
2023,19756365,3552003,13542434,2661928,612312,13.47,17.98,3.1,74.94,45.88,19.66
2024,19904328,3477904,13644595,2781829,642314,13.98,17.47,3.23,79.99,45.88,20.39
2025,20036669,3384753,13745455,2906461,671710,14.51,16.89,3.35,85.87,45.77,21.14
2026,20150948,3280170,13836350,3034428,699774,15.06,16.28,3.47,92.51,45.64,21.93
2027,20252145,3170251,13917212,3164682,728684,15.63,15.65,3.6,99.82,45.52,22.74
2028,20342246,3056361,13988664,3297221,763604,16.21,15.02,3.75,107.88,45.42,23.57
2029,20421403,2932643,14057605,3431155,804605,16.8,14.36,3.94,117.0,45.27,24.41
2030,20489812,2802098,14123512,3564202,847126,17.39,13.68,4.13,127.2,45.08,25.24
2031,20546653,2676448,14175410,3694795,890797,17.98,13.03,4.34,138.05,44.95,26.06
2032,20590711,2559768,14209156,3821787,937861,18.56,12.43,4.55,149.3,44.91,26.9
2033,20621533,2445113,14232612,3943808,989456,19.12,11.86,4.8,161.29,44.89,27.71
2034,20639005,2332627,14246436,4059942,1043077,19.67,11.3,5.05,174.05,44.87,28.5
2035,20643490,2231664,14239184,4172642,1097657,20.21,10.81,5.32,186.97,44.98,29.3
2036,20635825,2145353,14205187,4285285,1154515,20.77,10.4,5.59,199.75,45.27,30.17
2037,20617132,2061079,14155780,4400273,1214797,21.34,10.0,5.89,213.49,45.64,31.08
2038,20588655,1978616,14092516,4517523,1280010,21.94,9.61,6.22,228.32,46.1,32.06
2039,20551753,1913483,14006749,4631521,1349532,22.54,9.31,6.57,242.05,46.73,33.07
2040,20508117,1864667,13906828,4736622,1421866,23.1,9.09,6.93,254.02,47.47,34.06
2041,20459180,1826549,13800186,4832445,1495329,23.62,8.93,7.31,264.57,48.25,35.02
2042,20405521,1794579,13690619,4920323,1568536,24.11,8.79,7.69,274.18,49.05,35.94
2043,20347272,1766731,13576083,5004458,1641480,24.6,8.68,8.07,283.26,49.88,36.86
2044,20284551,1742807,13450314,5091430,1713486,25.1,8.59,8.45,292.14,50.81,37.85
2045,20217414,1722595,13308739,5186080,1782774,25.65,8.52,8.82,301.06,51.91,38.97
2046,20145968,1705882,13151840,5288246,1848615,26.25,8.47,9.18,310.0,53.18,40.21
2047,20070235,1692399,12986537,5391299,1910658,26.86,8.43,9.52,318.56,54.55,41.51
2048,19990194,1681825,12819430,5488939,1967955,27.46,8.41,9.84,326.37,55.94,42.82
2049,19905775,1673707,12651507,5580561,2019973,28.03,8.41,10.15,333.43,57.34,44.11
2050,19816858,1667347,12478695,5670816,2068864,28.62,8.41,10.44,340.11,58.81,45.44
2051,19723225,1661798,12297651,5763776,2117518,29.22,8.43,10.74,346.84,60.38,46.87
2052,19624629,1656103,12104776,5863750,2168003,29.88,8.44,11.05,354.07,62.12,48.44
2053,19520801,1649494,11897150,5974157,2220351,30.6,8.45,11.37,362.18,64.08,50.22
2054,19411448,1641395,11675351,6094702,2270236,31.4,8.46,11.7,371.31,66.26,52.2
2055,19296388,1631298,11445663,6219427,2313294,32.23,8.45,11.99,381.26,68.59,54.34
2056,19175470,1618801,11216494,6340175,2349463,33.06,8.44,12.25,391.66,70.96,56.53
2057,19048653,1603623,10991270,6453760,2380077,33.88,8.42,12.49,402.45,73.31,58.72
2058,18916047,1585590,10770080,6560377,2408797,34.68,8.38,12.73,413.75,75.64,60.91
2059,18777806,1564623,10552315,6660868,2441162,35.47,8.33,13.0,425.72,77.95,63.12
2060,18634210,1540765,10340721,6752724,2481260,36.24,8.27,13.32,438.27,80.2,65.3
2061,18485577,1514137,10135540,6835900,2528965,36.98,8.19,13.68,451.47,82.38,67.44
2062,18332247,1484957,9935660,6911630,2578851,37.7,8.1,14.07,465.44,84.51,69.56
2063,18174541,1453530,9741495,6979516,2625757,38.4,8.0,14.45,480.18,86.57,71.65
2064,18012787,1420264,9553856,7038667,2669254,39.08,7.88,14.82,495.59,88.54,73.67
2065,17847299,1385653,9371900,7089746,2713209,39.72,7.76,15.2,511.65,90.43,75.65
2066,17678364,1350289,9193302,7134773,2760950,40.36,7.64,15.62,528.39,92.3,77.61
2067,17506235,1314792,9020066,7171377,2815921,40.96,7.51,16.09,545.44,94.08,79.5
2068,17331111,1279801,8852235,7199075,2880752,41.54,7.38,16.62,562.52,95.78,81.32
2069,17153173,1245923,8687757,7219493,2954913,42.09,7.26,17.23,579.45,97.44,83.1
2070,16972558,1213718,8523618,7235222,3033063,42.63,7.15,17.87,596.12,99.12,84.88
